,"(0, 1]","(1, 4]","(4, 16]","(16, 64]","(64, 256]","(256, Inf]",DataGen,Params,Model,repnum
0,33.79840074827459,,34.792640769653865,0.7984007482745881,4.201599251725419,114.89198955617368,py,"[1.0, 0.0]",DP,9
1,16.31115961904698,,16.80576417959118,16.68884038095302,53.109684658505465,10080.920672649072,py,"[1.0, 0.0]",NIG,9
2,24.537118985162575,,25.266750956167225,8.462881014837425,26.55158727647511,5392.922927158748,py,"[1.0, 0.0]",NGG,9
3,52.33564497008112,97.70029110715949,558.1590042960938,2900.0933053262984,1844.8574047295265,802.7965272052339,py,"[1.0, 0.25]",DP,9
4,25.646400562650346,47.52415776975563,273.6238494070025,1428.448781527238,848.1286855137354,4215.345653966952,py,"[1.0, 0.25]",NIG,9
5,29.107000221416687,54.03013100957092,310.5174476252448,1619.2661931833911,977.3672286865964,3772.865298835317,py,"[1.0, 0.25]",NGG,9
6,567.9513384108334,558.3795878836861,718.8339648756725,1084.722695115508,2818.4221903271914,3355.266732093517,py,"[1.0, 0.5]",DP,9
7,302.48166349838823,296.6180984146707,379.4316180930218,564.7236675387713,1446.161086949672,2267.1486121505222,py,"[1.0, 0.5]",NIG,9
8,306.2266499761706,300.31077343975187,384.21957438086474,572.0528796957857,1465.5196041808051,2279.711098917949,py,"[1.0, 0.5]",NGG,9
9,501.5065382303203,537.546910458079,550.2647055884937,700.2312827939644,873.6790407486121,2124.5318535351403,py,"[1.0, 0.75]",DP,9
10,299.23053771444347,320.1475771281095,325.46972513599417,405.3358163911763,477.1524650653659,1427.9344705348333,py,"[1.0, 0.75]",NIG,9
11,227.71904964979976,243.2894733934205,245.99700706453655,301.08017769851483,342.10544138260934,1268.1345634501813,py,"[1.0, 0.75]",NGG,9
12,55.98716994009709,1030.8759717979349,1079.733579003092,2828.9709611017875,14330.756662923706,10532.54375721632,py,"[10.0, 0.0]",DP,9
13,27.528786020987976,514.7264271563814,536.3306080274441,1400.5600183162326,7103.84876626335,5122.9003302999945,py,"[10.0, 0.0]",NIG,9
14,28.34643269220088,529.5560801058884,551.9432876373743,1441.6001369614958,7311.487302649066,5236.888108390433,py,"[10.0, 0.0]",NGG,9
15,304.9960149808201,416.59336072466095,1299.7996847444888,1973.9889351696736,3675.988411115285,9249.594311822815,py,"[10.0, 0.25]",DP,9
16,154.66668080178204,210.65257808420225,656.7586189681991,988.1914903864038,1808.513600503566,4203.369976233229,py,"[10.0, 0.25]",NIG,9
17,158.00757984373465,215.22937852823983,671.0494777172282,1010.0997211174288,1850.01611123918,4312.7588355645175,py,"[10.0, 0.25]",NGG,9
18,589.33802728081,370.7401774526798,416.2713255281779,836.5274156949032,1782.382286068139,3774.542343579782,py,"[10.0, 0.5]",DP,9
19,358.07176754233876,224.4912159130673,249.8225180963552,496.1028328741241,1033.569977064108,2221.9315189028207,py,"[10.0, 0.5]",NIG,9
20,352.8698164971508,221.20187885091977,246.07961116829628,488.445323715184,1016.7387958315512,2190.075662999661,py,"[10.0, 0.5]",NGG,9
21,478.6110095814637,517.9268476915069,610.5314746826654,654.1579955241137,893.1279377933035,1594.9777468558473,py,"[10.0, 0.75]",DP,9
22,281.8536458149792,304.4099406828813,356.63178859760814,372.49524370361314,479.1671916220509,1102.4042969793177,py,"[10.0, 0.75]",NIG,9
23,223.69377343079765,241.2960839724171,281.5811116703865,289.2380309230077,359.544137810253,1028.5954031283602,py,"[10.0, 0.75]",NGG,9
24,757.4383457868822,727.1980704593446,1077.826874777962,1763.412478753431,2767.6241092687333,4132.3572229803185,py,"[100.0, 0.0]",DP,9
25,402.09440132815377,385.1789791973439,568.6452044460162,920.8720377220344,1406.1676427104414,1900.5941650879347,py,"[100.0, 0.0]",NIG,9
26,379.3455725925997,363.28319666681426,536.0478103035366,866.933287689312,1319.0083130760956,1762.950295794954,py,"[100.0, 0.0]",NGG,9
27,598.0946444530889,560.5586951568631,704.260579546742,1105.5317253128817,2028.43754269986,2897.196107200268,py,"[100.0, 0.25]",DP,9
28,379.01312751168825,354.59547949712976,443.6077345485062,689.0805033870059,1243.4925205357972,1638.5810961263471,py,"[100.0, 0.25]",NIG,9
29,313.1394904632955,292.6710199407728,365.31297871401426,563.9251880018385,1007.8158953821496,1270.17649921596,py,"[100.0, 0.25]",NGG,9
30,436.6779031878544,453.5516341426507,530.0913710557319,645.0409215019723,909.184672501024,987.5091370306236,py,"[100.0, 0.5]",DP,9
31,279.72959765765336,289.9670355551769,336.9294539760979,401.9335375907391,539.4862509085833,529.5287271680195,py,"[100.0, 0.5]",NIG,9
32,215.81595591048804,223.35091380633827,258.26863934851946,303.02851717264804,390.02185000862585,378.2892139032465,py,"[100.0, 0.5]",NGG,9
33,244.01197175966976,253.11551219357983,257.66366030401144,285.918665383263,308.39260422060113,281.70889009752085,py,"[100.0, 0.75]",DP,9
34,147.103790054312,151.99870565781293,152.56071415337516,160.48077555683665,148.17407836555466,170.22405278286115,py,"[100.0, 0.75]",NIG,9
35,76.98585336074893,78.83561752055665,76.51345380022858,70.40924230746973,68.7869433148956,269.54323581981623,py,"[100.0, 0.75]",NGG,9
36,270.522432473477,281.9857247036294,297.31487477836225,324.4941478396495,350.7728571477976,229.23173511422343,py,"[1000.0, 0.0]",DP,9
37,187.8434861329144,195.27450191462395,203.9568990953891,215.74565640222497,210.38109714820328,109.91122884118252,py,"[1000.0, 0.0]",NIG,9
38,169.02225223266242,175.53535092004932,182.70466530970936,191.0507810034207,179.17020856957313,103.55011197944326,py,"[1000.0, 0.0]",NGG,9
39,223.1266505702252,220.3776148542912,228.98011811140165,247.6128395822985,267.5550567885264,171.53499078843964,py,"[1000.0, 0.25]",DP,9
40,144.7492684517191,142.37344753808284,145.83496205518202,149.8985830398558,139.97432675666454,77.59685394092139,py,"[1000.0, 0.25]",NIG,9
41,86.7501056347762,84.65046319889876,84.30765260443444,78.49192253188708,64.73484643440055,152.72062350958433,py,"[1000.0, 0.25]",NGG,9
42,106.61424775329763,107.19675071485604,103.05564355786628,92.23712254354687,53.12772125353491,148.6489419184275,py,"[1000.0, 0.5]",DP,9
43,49.38453487914662,48.78556007526193,43.75702105489584,29.056405241805795,40.33341890434454,259.0254739178423,py,"[1000.0, 0.5]",NIG,9
44,66.4714149215599,66.22518990160881,61.46160838380123,46.90841034528983,33.58131689267051,226.0707294843193,py,"[1000.0, 0.5]",NGG,9
45,31.93230077189419,30.541507373370695,25.436846153889665,12.135087832793827,63.26560295437921,260.2629226615637,py,"[1000.0, 0.75]",DP,9
46,35.7760339464655,34.40320766802787,29.356326958217338,14.465828360749704,58.66880558715725,255.15809696811908,py,"[1000.0, 0.75]",NIG,9
47,105.98646372252033,104.94182859721904,100.95037869709842,84.92638279057061,39.1964122972212,161.9122888981097,py,"[1000.0, 0.75]",NGG,9
60,,,,0.1001117614838165,0.6256985092738603,83.30549952472155,py,"[1.0, 0.0]",DP,6
61,,,,10.107873328653763,63.174208304086015,8411.01409360601,py,"[1.0, 0.0]",NIG,6
62,,,,4.992674145312977,31.204213408206115,4154.52897316856,py,"[1.0, 0.0]",NGG,6
63,767.8740540103249,1372.7177075172335,1050.8568250229148,422.60115147776855,1799.5519205224216,3376.3332675465203,py,"[1.0, 0.25]",DP,6
64,384.2577102615867,686.6447743166589,521.9061681640324,194.74956470991543,842.5316789604381,4252.425713277195,py,"[1.0, 0.25]",NIG,6
65,400.1735852262446,715.1092837136006,543.8518246883896,204.20290898106393,882.2375328729704,4216.077476162293,py,"[1.0, 0.25]",NGG,6
66,319.04337849650165,328.97455157108755,367.60203315519055,717.9222653215392,1281.612432688355,3568.3546233949633,py,"[1.0, 0.5]",DP,6
67,169.56485660453436,174.1491224025485,191.94897310814096,368.806929952272,626.3245159554959,2745.556549096908,py,"[1.0, 0.5]",NIG,6
68,172.7571338518726,177.45558870010336,195.70023623220885,376.2284540249411,640.2926616734569,2763.1283014696915,py,"[1.0, 0.5]",NGG,6
69,489.95468198744015,502.5760223088968,577.2481555454292,615.3802464413405,824.7596339345022,1712.1536803519489,py,"[1.0, 0.75]",DP,6
70,291.09110663762107,297.9803385940755,340.08928764107065,353.4975024862538,442.8446751899011,1356.260647414818,py,"[1.0, 0.75]",NIG,6
71,235.56147833480807,240.85010622719295,273.8662814405694,280.4288784129784,339.5307677993575,1279.975652779535,py,"[1.0, 0.75]",NGG,6
72,29.80268423234569,182.66388569404697,140.78172364332067,3242.2562253527426,7684.931321250996,9036.421171668737,py,"[10.0, 0.0]",DP,6
73,14.406957933712798,89.86579231604871,65.52942231615992,1608.087835988179,3774.503157906543,4588.100483766363,py,"[10.0, 0.0]",NIG,6
74,14.851935787985624,92.54790653859224,67.7044160075342,1655.3196930188208,3887.5250381128385,4696.165192741053,py,"[10.0, 0.0]",NGG,6
75,2667.6790197455334,1153.929322012118,321.75916551578365,675.0103832677611,4182.5980935458365,9875.826026163788,py,"[10.0, 0.25]",DP,6
76,1373.6461402081734,593.0350409738945,161.45915309120997,330.8560644568067,2090.5177288090126,4531.711361535869,py,"[10.0, 0.25]",NIG,6
77,1398.9528506076067,604.0041510787372,164.5940548820398,337.5865067945446,2131.431427958346,4634.463415020127,py,"[10.0, 0.25]",NGG,6
78,512.331014765303,388.65486465405894,695.8085129463389,832.9793510572455,1208.3945994785588,6428.244500576499,py,"[10.0, 0.5]",DP,6
79,307.10844979780694,232.2563797423361,414.3142579593878,487.0637356764004,680.2436599352382,3749.999587868829,py,"[10.0, 0.5]",NIG,6
80,306.79253542266133,232.01567426906857,413.88099512051673,486.5315398883894,679.4306010774242,3745.876579488774,py,"[10.0, 0.5]",NGG,6
81,474.40095171875686,502.62179499959694,442.55605377066314,667.2239662746308,564.4295322048081,1997.385178934103,py,"[10.0, 0.75]",DP,6
82,280.16158090189936,296.22562122846915,258.40509878527735,382.22627528917934,286.4617386265273,1258.35168985369,py,"[10.0, 0.75]",NIG,6
83,207.2663545487317,218.7681225648219,189.29590897293545,275.4293400532264,189.83101384449537,1104.8204228819836,py,"[10.0, 0.75]",NGG,6
84,558.2708302794066,459.40823850790224,854.110283176746,1449.4660734352494,2281.17569387214,4694.1308749581485,py,"[100.0, 0.0]",DP,6
85,298.413731946998,244.65260204313884,453.0749779539939,759.0832225391553,1160.661530298226,2240.85951928462,py,"[100.0, 0.0]",NIG,6
86,283.6653485104102,232.46398571487063,430.3139200841483,719.9000288977205,1097.06591318187,2101.622273661309,py,"[100.0, 0.0]",NGG,6
87,465.639645027543,694.05760500759,817.1766656584484,1511.32658638752,2437.237346321551,3598.0214077982205,py,"[100.0, 0.25]",DP,6
88,290.8711594615285,433.1106732445807,507.92029146171313,932.2274703503464,1476.5784053572734,2041.9390967106272,py,"[100.0, 0.25]",NIG,6
89,255.1700431333537,379.8130777806674,444.7850633084521,813.9568224578451,1280.3338818855404,1728.4773118357923,py,"[100.0, 0.25]",NGG,6
90,461.838422659243,484.64371041676486,500.40065759839626,790.7412284891349,961.9085598209716,1396.1491926284857,py,"[100.0, 0.5]",DP,6
91,294.29968277954447,308.25495904190274,316.12330659599553,493.09347850203307,567.2697190347469,724.1949578464743,py,"[100.0, 0.5]",NIG,6
92,218.89264496626703,228.86464457307085,233.18243462127,359.31975800762825,392.5292764655573,468.622629837456,py,"[100.0, 0.5]",NGG,6
93,213.63678669623144,214.50584753005555,212.1895316127625,212.3810788204512,220.49853640981337,273.8746954565961,py,"[100.0, 0.75]",DP,6
94,129.98367085773876,129.9155880190537,126.24125314009196,117.28297274467822,102.20100785348193,303.87568694603624,py,"[100.0, 0.75]",NIG,6
95,76.66966293009375,76.0043173991087,71.46448656147894,57.45543915467326,56.940695325789974,385.7812797708551,py,"[100.0, 0.75]",NGG,6
96,263.4437003575702,277.03476448921964,289.5282828019224,325.31847091926886,340.49118360869363,267.2385693658021,py,"[1000.0, 0.0]",DP,6
97,185.4681668335579,194.53386352308107,201.4334185004123,219.60949893474535,210.0606056677261,128.7975139565972,py,"[1000.0, 0.0]",NIG,6
98,95.906353413318,99.77426438477345,100.26550876647656,99.2814742234325,76.3892163439218,121.94395635789608,py,"[1000.0, 0.0]",NGG,6
99,180.87945455976384,174.50026032712375,175.94930347078878,179.04038718708512,151.98849768168256,91.61664835115398,py,"[1000.0, 0.25]",DP,6
100,120.50696759130676,115.68468610936084,114.57996205228277,109.0474188410563,76.87471379867355,96.50114996106652,py,"[1000.0, 0.25]",NIG,6
101,87.03593682476932,83.07682128472914,80.5562665266345,70.83143603309516,48.9424669660332,141.3772022851205,py,"[1000.0, 0.25]",NGG,6
102,118.59437915860268,117.0341373481331,117.15552430454134,105.0163650736146,77.3009355416644,144.0183910301364,py,"[1000.0, 0.5]",DP,6
103,50.110408156965185,48.51402950050739,45.19819771693663,29.593510647502384,43.263703390172275,262.8296979831299,py,"[1000.0, 0.5]",NIG,6
104,68.4618376137844,66.87514243172643,64.48037109940869,48.65865754388856,38.361902034161766,230.99221417004492,py,"[1000.0, 0.5]",NGG,6
105,49.314146359472424,47.90692533065917,43.46090383757846,26.542266817934305,43.81495136473638,214.8330133755313,py,"[1000.0, 0.75]",DP,6
106,36.17119106072688,34.727248749375214,29.99307919518972,15.6702048213131,56.134610105290825,235.18632444836376,py,"[1000.0, 0.75]",NIG,6
107,119.58105624443746,118.37016024238557,115.46468068853822,102.12477543334342,63.983037998097274,106.0169790433207,py,"[1000.0, 0.75]",NGG,6
120,279.1451224873488,278.1451224873488,273.1451224873488,,58.12637267898479,108.92691454612977,py,"[1.0, 0.0]",DP,7
121,138.47820553168654,137.47820553168654,132.47820553168654,,51.58422612107772,8369.533417234374,py,"[1.0, 0.0]",NIG,7
122,194.9949433083601,193.9949433083601,188.9949433083601,,45.71272922563042,5050.611372928326,py,"[1.0, 0.0]",NGG,7
123,118.80923938145634,89.98314471991858,75.15883002761112,366.7350481990213,532.1607188520535,116.0617012666522,py,"[1.0, 0.25]",DP,7
124,58.7477169307515,43.495128584646224,32.825968886858895,174.31940922201164,208.4847990225101,7151.911073782581,py,"[1.0, 0.25]",NIG,7
125,71.65993765910343,53.48927293978618,41.92682455632172,215.68554682029145,278.06969715294974,5639.3213757121475,py,"[1.0, 0.25]",NGG,7
126,226.08359550284652,369.66001094434256,549.2143572165264,896.6559418030402,1523.5415787144243,1408.844036745758,py,"[1.0, 0.5]",DP,7
127,116.5636057005074,190.0774388667198,280.2691358617215,447.4890067964459,721.3260122545034,3041.7219750084873,py,"[1.0, 0.5]",NIG,7
128,119.1491833220095,194.3170729318228,286.61846758645993,458.0930616139077,740.2649349114824,3002.001658158726,py,"[1.0, 0.5]",NGG,7
129,538.0716622953415,404.37166326391,502.92486626402825,638.3791821242568,1019.6081133721834,2193.94132847886,py,"[1.0, 0.75]",DP,7
130,319.8161643911726,239.6388351177389,296.0189716216857,367.7041514527392,564.2264068363013,1888.890264676512,py,"[1.0, 0.75]",NIG,7
131,293.86080511171633,220.04849361105337,271.41332876710413,335.53227608584297,511.8276830248905,1871.1665303322425,py,"[1.0, 0.75]",NGG,7
132,240.3639790146533,684.4157556152012,3042.02700778425,2827.0422142960665,2957.869239617267,9152.81138416222,py,"[10.0, 0.0]",DP,7
133,119.80801734888269,341.01113679134113,1518.4178103900977,1397.10950972793,1427.9497303042515,4834.4869337818345,py,"[10.0, 0.0]",NIG,7
134,123.20752132445875,350.7046285274339,1561.425656978063,1437.4730927873927,1470.7602772141868,4955.748460386452,py,"[10.0, 0.0]",NGG,7
135,2227.083645005176,1600.4348259024737,988.6711855372104,1338.597214694179,2390.564884132056,4858.229131042601,py,"[10.0, 0.25]",DP,7
136,1139.5134974622977,817.9256085485596,501.6655967025476,667.4492967479234,1161.3002123148008,2522.566228586768,py,"[10.0, 0.25]",NIG,7
137,1161.014730699566,833.39579521252,511.2936843960581,680.7178734489961,1185.6027425734612,2567.748376507616,py,"[10.0, 0.25]",NGG,7
138,765.6671978182508,698.866970800016,1037.4429035642895,911.4450954601556,1735.104147950521,4241.309701892726,py,"[10.0, 0.5]",DP,7
139,464.07512699129313,422.9106572825025,625.984818997482,540.0796248709272,1004.5851586251512,2515.4560441238855,py,"[10.0, 0.5]",NIG,7
140,457.7976209575001,417.16683300121343,617.4202577037134,532.3562241178751,989.4099703741936,2485.224365907407,py,"[10.0, 0.5]",NGG,7
141,390.98708500624065,392.1153463926335,472.72198364367046,505.60289404176046,775.3938778818996,1068.4700995993626,py,"[10.0, 0.75]",DP,7
142,232.92065014525784,232.9800694557633,278.77241691935683,289.1332389495382,415.0250496784677,668.7521595318786,py,"[10.0, 0.75]",NIG,7
143,102.41571372945712,101.59266126612508,118.64116643917944,111.78804170674547,152.59664488442095,577.0613325963092,py,"[10.0, 0.75]",NGG,7
144,553.2055729408501,786.3165153679396,1475.624508292878,2062.4329731242274,3580.4276786196406,4573.151925642411,py,"[100.0, 0.0]",DP,7
145,289.87163085101014,411.3642115758075,770.0226963791275,1065.7175556143263,1812.909203972099,2087.541935466488,py,"[100.0, 0.0]",NIG,7
146,274.7712961952726,389.8633552020807,729.5614348758272,1008.5629926989338,1711.5609049613677,1948.534803291813,py,"[100.0, 0.0]",NGG,7
147,633.3149332909932,718.3340188556423,684.5080563997527,1295.6528295995126,2224.5748018014183,3872.768320245495,py,"[100.0, 0.25]",DP,7
148,400.52507379775864,453.733481431932,430.025939099892,808.1431692554281,1362.0661268579129,2256.3044037846394,py,"[100.0, 0.25]",NIG,7
149,335.9372191997376,380.3317567966445,359.49520774222964,672.8829688069217,1123.0390834855136,1823.8684021373613,py,"[100.0, 0.25]",NGG,7
150,439.15220452735014,432.6204511773341,521.1493724001418,577.470130463104,887.9956052695856,1216.4417956055045,py,"[100.0, 0.5]",DP,7
151,285.0746032329038,280.2659000952236,335.7763134464259,364.30050589638057,535.6913924715094,635.5191574900865,py,"[100.0, 0.5]",NIG,7
152,219.7224879083441,215.6446176447514,257.1502092948008,274.21564368166065,388.337845629293,418.89157522264713,py,"[100.0, 0.5]",NGG,7
153,207.6890410277674,210.3112040769768,210.04981760239536,209.5154696033408,196.6024925998921,213.36676195704317,py,"[100.0, 0.75]",DP,7
154,126.4734108841191,127.4791718103386,125.12940590643343,116.01420129599911,91.6843362166667,219.29943926287635,py,"[100.0, 0.75]",NIG,7
155,78.90991012961086,78.9690337711125,75.39621958959374,61.915031760350274,55.24885616771133,292.76900437190784,py,"[100.0, 0.75]",NGG,7
156,293.01210775207835,291.4296318025328,317.7627305418311,337.3303254707837,403.6207967212275,311.89212000997014,py,"[1000.0, 0.0]",DP,7
157,196.5793810423033,194.9409837884234,210.53978750449235,215.70192754396896,237.46584463776216,145.59711719947913,py,"[1000.0, 0.0]",NIG,7
158,101.8189498064821,100.12560101182552,105.17625929926731,97.48293440427804,88.26339370290252,138.1072443255317,py,"[1000.0, 0.0]",NGG,7
159,199.43175669124315,209.37807461509232,213.1839580982497,221.79419422700195,213.2543728843816,121.53908257472624,py,"[1000.0, 0.25]",DP,7
160,131.58179174282455,137.58473695854084,138.00121662496298,136.13135034102478,109.32054715856025,100.284816053351,py,"[1000.0, 0.25]",NIG,7
161,83.65845879677495,86.87614740453549,84.89864606121871,76.24230715474506,56.71626778806388,146.17045485091518,py,"[1000.0, 0.25]",NGG,7
162,102.27460510296572,101.3244338557474,97.28488676171078,84.42772796530434,50.73183261024826,130.81327251938166,py,"[1000.0, 0.5]",DP,7
163,49.57713569526517,48.28577451757988,43.32352955455975,27.674938116980258,41.91334806407517,207.7885571520238,py,"[1000.0, 0.5]",NIG,7
164,66.1221893507357,64.93794917468176,60.265397168870344,44.52127211065518,33.92192718443363,183.6211686852407,py,"[1000.0, 0.5]",NGG,7
165,40.796127935471034,39.75036140242801,34.81166549783141,18.297845902031636,50.45368999185917,255.4686165812367,py,"[1000.0, 0.75]",DP,7
166,35.823624002613236,34.71993262634956,29.70626439168168,14.758678941695258,56.64366351971558,262.7493758229289,py,"[1000.0, 0.75]",NIG,7
167,118.84572288683704,118.70915835984376,114.947245837153,100.18315878468448,57.77655366290751,141.18810168866912,py,"[1000.0, 0.75]",NGG,7
180,171.99432399910492,170.74432399910492,82.52895060877616,0.3236658393685303,16.99432399910492,96.0969656832292,py,"[1.0, 0.0]",DP,8
181,85.06122235477531,83.81122235477531,41.81028518341487,28.302135334095304,69.93877764522469,8402.954520220277,py,"[1.0, 0.0]",NIG,8
182,122.77059522234936,121.52059522234936,59.4730086817326,16.165785445680662,32.22940477765064,4799.6505662966,py,"[1.0, 0.0]",NGG,8
183,44.78825225712108,75.14079415725948,182.3877008318603,2045.0470271187248,2952.413566031763,5959.38487672104,py,"[1.0, 0.25]",DP,8
184,21.998277040185425,36.42234163816449,87.60527000911148,1011.2480079590922,1425.3748139904574,4684.178068770354,py,"[1.0, 0.25]",NIG,8
185,22.676553456880537,37.57468221706586,90.4261895990693,1042.0159876354126,1470.5865094980052,4722.130839495581,py,"[1.0, 0.25]",NGG,8
186,1633.371467376883,829.3916715294015,963.9798907365938,1420.2501155919688,5057.60063074309,11602.595613521347,py,"[1.0, 0.5]",DP,8
187,849.023219935334,430.09690203035217,497.17599221998006,723.2049531553215,2571.8684206764833,5658.192840964009,py,"[1.0, 0.5]",NIG,8
188,868.4561506685134,439.98978777734806,508.7414771374775,740.4748717198282,2632.9166786177952,5800.566320346659,py,"[1.0, 0.5]",NGG,8
189,464.055440848822,477.0371518191822,396.9118912756729,468.5754422440483,610.7897756297144,1338.063365476908,py,"[1.0, 0.75]",DP,8
190,269.71290708446617,276.6345508749427,227.55065411018884,260.12715425119166,305.5209060216982,1070.8082152827865,py,"[1.0, 0.75]",NIG,8
191,219.58693928665937,224.94553495572632,183.8680090611831,206.4430639760364,231.55437834624172,1073.4622230204775,py,"[1.0, 0.75]",NGG,8
192,137.32492238601378,182.03005608263524,751.6735539859276,566.0464394580192,5229.396432346092,6600.373110689489,py,"[10.0, 0.0]",DP,8
193,68.31558756293194,89.36350508478897,372.0291784627846,266.4879168929237,2542.559304556281,4069.173461721377,py,"[10.0, 0.0]",NIG,8
194,70.29463011164549,92.0209868260263,382.9165805000057,275.0786251428432,2619.069623093406,4141.7629428030195,py,"[10.0, 0.0]",NGG,8
195,689.28246694028,721.1152927513043,1171.7784894769402,329.38529533970853,3698.538238581655,7868.2183212594355,py,"[10.0, 0.25]",DP,8
196,353.593416784847,369.062692534928,597.6862244327699,154.779067851797,1838.3525312005431,3820.613900717467,py,"[10.0, 0.25]",NIG,8
197,360.32608518327254,376.12355262244887,609.2003707799735,158.264074969934,1875.6609078708243,3901.793725793362,py,"[10.0, 0.25]",NGG,8
198,500.1169887244822,731.5858492618285,752.4665251599718,1665.471416249223,2922.9749653324307,6717.61000734728,py,"[10.0, 0.5]",DP,8
199,294.4874866007657,430.2991063063128,440.33428572681544,968.3118363676024,1672.0916543531164,4344.0214490375765,py,"[10.0, 0.5]",NIG,8
200,294.9656400873476,430.9997450715256,441.06028702739707,969.9333887026844,1674.985001756148,4349.2516172784435,py,"[10.0, 0.5]",NGG,8
201,470.33120886883506,448.8749220988683,455.334712768997,558.597231939611,693.8795109726948,1149.1553851394435,py,"[10.0, 0.75]",DP,8
202,280.0545266857984,266.6498702221004,268.20727231624363,320.6757022503674,370.8340057467639,916.7285361822646,py,"[10.0, 0.75]",NIG,8
203,224.4971371705629,213.4434128128249,213.5694050855085,251.20686903679845,280.1002775314389,880.3266150379989,py,"[10.0, 0.75]",NGG,8
204,984.1190928870018,1318.3176871288638,1552.8952514611674,1504.986223759924,2401.1905095524157,3936.1832584901463,py,"[100.0, 0.0]",DP,8
205,522.5957451693264,699.3714691100143,820.9567103618159,783.621958212253,1212.2589014424766,1812.1338601121695,py,"[100.0, 0.0]",NIG,8
206,494.0364672553963,661.0707912752066,775.6640153886451,738.9836042940093,1138.687264417866,1681.4972968915554,py,"[100.0, 0.0]",NGG,8
207,551.526834072546,595.1603258054421,575.3024932412835,909.132699140504,1589.5814629412685,2406.158938860826,py,"[100.0, 0.25]",DP,8
208,349.5039773060067,376.59260454555584,361.8031659852981,564.248169889994,960.7738542217916,1337.6926005467249,py,"[100.0, 0.25]",NIG,8
209,298.1559270111952,321.0443879975425,307.5826865308816,476.6449055220597,800.9850150856403,1072.8094842617047,py,"[100.0, 0.25]",NGG,8
210,459.647908108489,456.6568051069193,528.9391385531836,654.4462511338295,990.5481182142388,1382.899483510585,py,"[100.0, 0.5]",DP,8
211,291.4351494045546,288.9267935217365,332.669229138038,403.26532427679655,584.325981425238,697.4602583173864,py,"[100.0, 0.5]",NIG,8
212,221.96119236619325,219.65221703480572,251.607320637795,299.6781943220279,418.72334555175104,449.6613974129043,py,"[100.0, 0.5]",NGG,8
213,260.5176208758365,266.21897132126287,271.55344331980467,333.2627139228298,371.19868323745334,395.6764684240726,py,"[100.0, 0.75]",DP,8
214,152.26409754671312,154.97485431078383,155.6900175524077,182.5110383907169,173.83320314850246,277.6803205309931,py,"[100.0, 0.75]",NIG,8
215,81.25424493651296,82.00329542074077,79.68838237568028,84.43081249307147,80.02719499219633,315.9920848748582,py,"[100.0, 0.75]",NGG,8
216,299.0100341683581,308.76623708407527,332.80253510053456,368.5845916531721,476.41156866518327,521.9128656093166,py,"[1000.0, 0.0]",DP,8
217,198.10288936588407,203.98280845924236,217.7663955254075,233.38764783303745,280.2054094979236,272.6749413569171,py,"[1000.0, 0.0]",NIG,8
218,100.0382604194956,102.1510891301596,105.981064701177,102.98506615035238,103.34881096499956,179.49088712071946,py,"[1000.0, 0.0]",NGG,8
219,200.99974891078563,201.89374060168373,209.78591279430952,228.18388077398745,222.1671698502099,178.11208685429787,py,"[1000.0, 0.25]",DP,8
220,130.78568952871146,130.7772028620642,133.80310964637232,137.23772223542005,114.46413243428434,129.7963070884985,py,"[1000.0, 0.25]",NIG,8
221,83.13044498370972,82.50943388529022,82.2325396338072,76.21783456374152,58.45479072292634,168.11745893082795,py,"[1000.0, 0.25]",NGG,8
222,133.38372056906454,132.49186881546615,132.41210340304082,127.08345788645894,94.68910220144862,83.36255626798373,py,"[1000.0, 0.5]",DP,8
223,87.96722311252138,86.83001928680287,84.75132790200192,73.76481654558506,46.478243713437855,138.3265160079637,py,"[1000.0, 0.5]",NIG,8
224,69.0091075934551,67.76948695476196,64.856387995167,51.87169914020112,37.40287184274323,173.92304634813556,py,"[1000.0, 0.5]",NGG,8
225,41.47757448531333,39.8917278870922,35.27654886125226,18.569671595635324,44.894861890289015,236.74787696437951,py,"[1000.0, 0.75]",DP,8
226,36.014707601277685,34.43716743044107,29.689874686259554,14.672905837713907,50.84647333968611,246.1685324976801,py,"[1000.0, 0.75]",NIG,8
227,53.06133520023098,51.457875200621885,47.12283730450771,29.10404047346449,34.95340123710448,216.7718054634529,py,"[1000.0, 0.75]",NGG,8
240,,2.4671931312630253,0.0328068687369746,0.3215073136223481,,93.67860766977095,py,"[1.0, 0.0]",DP,4
241,,0.5,2.526986347230851,24.76446620286234,,7215.701215102813,py,"[1.0, 0.0]",NIG,4
242,,1.1481594349158455,1.3518405650841545,13.248037537824716,,3860.1227975735856,py,"[1.0, 0.0]",NGG,4
243,33.22820708832194,137.24132362605147,249.41667691740696,687.057076229755,1283.631911788745,735.9686093543654,py,"[1.0, 0.25]",DP,4
244,16.158432565174888,67.30228863811757,119.93316088989438,330.548117165319,614.7348533632593,5019.85940543529,py,"[1.0, 0.25]",NIG,4
245,17.11200825256856,71.20932111085662,127.15377879301012,350.4639206951712,652.101719071928,4775.984009153238,py,"[1.0, 0.25]",NGG,4
246,239.75116377044336,513.6596614572067,660.3273601095424,803.6979071609802,1118.9109424281908,2093.1372301324486,py,"[1.0, 0.5]",DP,4
247,127.3408064967835,272.6015355608604,348.1303093393561,413.012458783607,544.7174525613987,2309.744654528683,py,"[1.0, 0.5]",NIG,4
248,128.7631332018519,275.6516407135504,352.0805343303949,417.9056912114727,551.950721385931,2305.2298944901586,py,"[1.0, 0.5]",NGG,4
249,542.0699978423906,522.4354619902072,496.4564955895605,550.6525200796331,950.2815883813684,2166.8266135074227,py,"[1.0, 0.75]",DP,4
250,324.6431018915003,312.2651054417184,294.4180312724976,318.32234025889517,525.3933237886079,1665.4088671387997,py,"[1.0, 0.75]",NIG,4
251,298.8721918768914,287.35428968149796,270.47106251946553,290.8319471328793,476.4280637043877,1653.4729175545033,py,"[1.0, 0.75]",NGG,4
252,20.79899260862524,46.44654159806084,1763.284222984935,2151.7376111264575,6042.036373010235,8902.297630135761,py,"[10.0, 0.0]",DP,4
253,9.930425962210265,22.14011660706866,879.196500998447,1062.0531519955075,2982.724345971844,4755.921705267272,py,"[10.0, 0.0]",NIG,4
254,10.236154450233474,22.82057000094385,904.0655395125524,1092.7055455401885,3068.7815852423228,4870.209998097768,py,"[10.0, 0.0]",NGG,4
255,1018.222898867127,982.5445121588056,1184.3809240795024,1075.6034012610394,2450.9167871197624,7880.891816734999,py,"[10.0, 0.25]",DP,4
256,526.2200219895806,507.02279322275933,608.3207429024646,541.1039352118441,1204.719634083258,3708.208444333667,py,"[10.0, 0.25]",NIG,4
257,533.1437905612079,513.714628753459,616.4274178128064,548.6257420518145,1222.2568906476995,3766.8156264545737,py,"[10.0, 0.25]",NGG,4
258,994.0151875700057,1206.5353609188494,1488.9969550063545,2038.6579885744884,3231.159506130011,3962.1478008925496,py,"[10.0, 0.5]",DP,4
259,594.2059840703135,720.7140314970085,887.3055230724814,1205.7611205328028,1882.567501306772,2184.7203651968584,py,"[10.0, 0.5]",NIG,4
260,583.8694031995116,708.1540254110945,871.7497778469674,1184.234391511159,1847.7005509587664,2140.5113605075085,py,"[10.0, 0.5]",NGG,4
261,462.3363685132844,487.7288484920987,520.2335228382702,697.9484214629246,1253.2022139920757,1590.5201192317566,py,"[10.0, 0.75]",DP,4
262,272.429946449048,286.78135668167766,303.6456073227151,399.294345661365,689.6488881566139,923.3324788338432,py,"[10.0, 0.75]",NIG,4
263,212.42300038956404,223.28563510055045,235.2077987314717,304.9984698331027,515.6688625642873,770.3109682129742,py,"[10.0, 0.75]",NGG,4
264,324.41626200452754,253.17159409889345,663.3185170123687,1235.2806156480651,2349.9304114999186,4135.4864194989605,py,"[100.0, 0.0]",DP,4
265,172.97748060173342,134.0347261235992,350.156389272457,644.6272396022895,1192.53479769673,1947.552139192436,py,"[100.0, 0.0]",NIG,4
266,166.32505709680643,128.80126549032695,336.3997604873317,618.6809373032733,1141.6925648522574,1851.7745390714392,py,"[100.0, 0.0]",NGG,4
267,605.0596695880424,590.5314572192782,697.140481103459,1030.8822630096251,1545.485914073866,2533.563020084754,py,"[100.0, 0.25]",DP,4
268,385.08754229337654,375.213756321793,440.9884875482775,644.4710320637886,939.123176549274,1469.0342655893166,py,"[100.0, 0.25]",NIG,4
269,314.08427588776533,305.72360728148885,358.3882972856388,519.7814879549031,744.034943989423,1136.5609423742108,py,"[100.0, 0.25]",NGG,4
270,463.36338717090337,521.0219432907041,554.5371922258851,817.7994613809221,1245.1230214241314,1458.6499474782886,py,"[100.0, 0.5]",DP,4
271,290.8135121409414,326.45020074441703,345.26787612208096,501.7364115108916,737.8657505784959,781.5631519353497,py,"[100.0, 0.5]",NIG,4
272,220.49063016073345,247.15228363268184,259.9799475397433,373.0773337634851,533.3121396761118,554.7952110370582,py,"[100.0, 0.5]",NGG,4
273,274.609338240945,273.31263754297527,280.46035080370825,302.27420270224127,382.8505983114455,361.875786337924,py,"[100.0, 0.75]",DP,4
274,160.95441852341708,159.5581705643309,161.409839157229,164.88763655716397,182.74894160070863,344.2969053868757,py,"[100.0, 0.75]",NIG,4
275,82.16374953494191,80.69849096620322,78.87870474299055,70.82402463240513,76.36671675702888,496.3545640717179,py,"[100.0, 0.75]",NGG,4
276,292.2865919253289,302.1119693780586,320.45855822897505,377.6904851213363,418.4805029431084,375.38733040005536,py,"[1000.0, 0.0]",DP,4
277,197.6259857305228,203.7119169477424,214.0552695004633,245.04741620417053,250.24282402184835,226.2390344154721,py,"[1000.0, 0.0]",NIG,4
278,169.85294203722046,174.8417346678369,182.83696966318513,206.17735492696747,202.61538128830944,196.3840728661236,py,"[1000.0, 0.0]",NGG,4
279,199.668289688385,200.0581745431893,199.96429292267985,215.04066490465615,191.6844624534776,96.61577680914024,py,"[1000.0, 0.25]",DP,4
280,134.0632264770595,133.7674079594035,131.7005366646171,134.30576667173875,99.72986157884222,109.03439830845872,py,"[1000.0, 0.25]",NIG,4
281,84.66275079413039,83.85059906804806,80.29807066608336,74.39710365740159,48.98944712663215,173.88929252930183,py,"[1000.0, 0.25]",NGG,4
282,108.29262254503756,108.10206909886192,105.51876537159272,93.51204809578708,60.838462632159064,132.9261006274824,py,"[1000.0, 0.5]",DP,4
283,49.54199025532604,48.586526368464355,44.316483898624334,28.794279778575792,41.196656672647514,236.53446740459788,py,"[1000.0, 0.5]",NIG,4
284,65.9836120552187,65.24221170582835,61.44421046175454,45.71944421532238,36.25949004736647,207.53921211179104,py,"[1000.0, 0.5]",NGG,4
285,45.83073484485537,44.74488079354365,39.481808570016035,22.458957551652713,47.61354727080674,249.79549358147355,py,"[1000.0, 0.75]",DP,4
286,36.19518873466819,35.01717776885994,29.685227342944454,14.87320333367365,58.95595887576593,263.8287490641251,py,"[1000.0, 0.75]",NIG,4
287,53.13186107042055,52.11583692367656,46.90495566515201,29.32362577317236,40.53578337101369,239.16209839423377,py,"[1000.0, 0.75]",NGG,4
300,7.451421293101035,3.980568517240414,6.954659873560966,0.3432895287526918,,161.7865254563147,py,"[1.0, 0.0]",DP,1
301,3.7095167538814806,2.483806701552592,3.462215636956049,26.7860816059042,,12623.825402873115,py,"[1.0, 0.0]",NIG,1
302,6.258567043546448,3.5034268174185796,5.8413292406433515,8.772792892271767,,4134.468318172908,py,"[1.0, 0.0]",NGG,1
303,76.51730542307345,59.33273664218014,578.7130194694922,824.081568964195,1698.4441390253614,866.7001612518769,py,"[1.0, 0.25]",DP,1
304,37.6928234254428,28.46402853668933,283.7563927165975,393.1851732633524,805.2004204139059,4078.091121838343,py,"[1.0, 0.25]",NIG,1
305,43.76416083683473,33.291249215992686,329.88144347328483,460.5683622473576,933.4283202109953,3525.4118646153725,py,"[1.0, 0.25]",NGG,1
306,179.88582960898992,97.0141063217972,149.8850273871618,267.26328991350454,242.6605660281689,215.35912725371563,py,"[1.0, 0.5]",DP,1
307,90.26830947083582,47.65088713126963,71.39400261753266,119.03531477030414,41.79062591476492,5523.898006537948,py,"[1.0, 0.5]",NIG,1
308,93.52305406448892,49.44366906205733,74.24465322832194,124.41868400415213,45.313625929380535,5331.101573531183,py,"[1.0, 0.5]",NGG,1
309,377.6015125888454,1245.8714057008365,1667.7076928960405,2442.0613932291008,814.4978608798684,2099.3293067688205,py,"[1.0, 0.75]",DP,1
310,222.7488783042908,735.2510891867129,982.3709365670928,1430.2147993315104,430.72033974021986,2935.2397162822335,py,"[1.0, 0.75]",NIG,1
311,232.5674200052989,767.6273344746294,1025.8252023103896,1494.3134713393042,454.2573272229556,2881.5687279888025,py,"[1.0, 0.75]",NGG,1
312,10.824769727760923,214.1470988663994,690.2672481268683,2252.702172399172,2385.5525389191325,5945.49537258478,py,"[10.0, 0.0]",DP,1
313,4.935109180539925,106.03613291248666,342.1330942184771,1111.1223566658748,1128.507330457698,3826.582370313521,py,"[10.0, 0.0]",NIG,1
314,5.102958391167504,109.11718319544592,352.05455615291663,1143.6561961635723,1164.3318137656515,3886.3850076955214,py,"[10.0, 0.0]",NGG,1
315,117.3832157973374,543.0580020579185,291.34099395241043,1336.6137832369427,3285.8494102119403,6615.217004259505,py,"[10.0, 0.25]",DP,1
316,59.78101510228772,277.53655876959573,145.22570497615936,669.9801959083287,1626.7568754230329,3280.692003892644,py,"[10.0, 0.25]",NIG,1
317,61.01378853565806,283.2210454842358,148.3538531539672,684.2519990582812,1662.2760009428684,3352.080072703483,py,"[10.0, 0.25]",NGG,1
318,301.5345357678301,442.4775242981557,431.4146918828693,1009.6730497148002,1537.3457735896643,3346.465392509361,py,"[10.0, 0.5]",DP,1
319,181.08799302265112,265.27531085647195,256.5370002244339,595.1538143965371,875.3340020330667,2291.9296402492505,py,"[10.0, 0.5]",NIG,1
320,178.9971000707479,262.19980256672557,253.5024156782031,587.9617244195352,863.8428037779952,2275.693741286405,py,"[10.0, 0.5]",NGG,1
321,454.92675460281936,517.0193170228946,522.7241315244686,713.1438051175207,1011.415057281317,1342.3700499047966,py,"[10.0, 0.75]",DP,1
322,267.4773217845907,303.4013800667056,304.4440332550091,406.80618253679745,548.3299055368897,1031.6901317686718,py,"[10.0, 0.75]",NIG,1
323,208.30065866869265,235.96347694415817,235.53431373227565,310.16710717703364,404.7602839591139,1018.3739843216952,py,"[10.0, 0.75]",NGG,1
324,1033.9664617406236,1003.050518826394,1153.822374610415,1709.1510762118792,2822.7037213580547,5006.862177341743,py,"[100.0, 0.0]",DP,1
325,540.6933105486478,523.6532619650199,599.4738376501083,877.9999749969041,1416.1697879527082,2347.062127732283,py,"[100.0, 0.0]",NIG,1
326,520.0422614911103,503.5831319659114,576.2658466940261,843.2035500872162,1357.3613066441762,2236.3976576498617,py,"[100.0, 0.0]",NGG,1
327,610.3761777934305,760.4658136432081,870.1792315769992,1071.5322373051315,1590.1929900786245,2407.699733472796,py,"[100.0, 0.25]",DP,1
328,391.0166126561446,486.6409837422782,554.7708735757087,675.2974603273577,973.7990165040436,1332.6406807298788,py,"[100.0, 0.25]",NIG,1
329,321.0567858942388,399.3132657292293,454.27911289245105,548.9348417688291,778.149700343287,1035.1835444936355,py,"[100.0, 0.25]",NGG,1
330,454.54624942819584,493.7751088272572,496.52331606405295,717.1637297843789,942.7894559258784,1199.3377502972558,py,"[100.0, 0.5]",DP,1
331,289.33277384331,313.75095517654205,313.3407569197279,445.19802847527114,556.5146348888524,616.166319750028,py,"[100.0, 0.5]",NIG,1
332,218.9179162882806,237.0237082561346,235.26738086459773,329.3444201613255,393.3994682535661,439.88962278417546,py,"[100.0, 0.5]",NGG,1
333,248.2326616227506,259.72884102796655,261.92667013356424,292.6361476235249,304.19796860050775,285.74342357780773,py,"[100.0, 0.75]",DP,1
334,147.28539923064227,153.506501520209,152.55008298151827,161.31477435951018,146.70641660174718,174.38820949692808,py,"[100.0, 0.75]",NIG,1
335,79.97454774719145,82.67826953645793,79.61862313704582,74.79421943679516,74.3183836512069,282.7102640050889,py,"[100.0, 0.75]",NGG,1
336,268.6250942039081,279.05433095050176,286.3016344756023,317.9985871560514,354.27647649906146,204.74558388894923,py,"[1000.0, 0.0]",DP,1
337,182.64947909127895,189.20439459164697,192.08663199062596,206.103422294038,208.10165726524147,94.49659437441596,py,"[1000.0, 0.0]",NIG,1
338,98.76069696378144,101.53533022376354,100.15845204972024,98.0675157027848,83.21758933194403,139.48867180438626,py,"[1000.0, 0.0]",NGG,1
339,186.93784902649944,188.90806302707875,186.2875322714933,191.7503360816932,171.78188122284166,92.89435232701364,py,"[1000.0, 0.25]",DP,1
340,125.79201621423545,126.57073241640111,122.77135913221666,118.96139570380672,87.54747924546024,121.1869965415292,py,"[1000.0, 0.25]",NIG,1
341,83.07351567138882,83.01981211562,78.39686046342959,68.78162354951318,46.41288656327944,183.29614705934725,py,"[1000.0, 0.25]",NGG,1
342,127.50777138309334,125.1841306696686,123.20576583279303,120.74120787934837,89.70767001210979,143.25957623784203,py,"[1000.0, 0.5]",DP,1
343,82.0339133161764,79.95364870156568,76.60768423629257,67.20323298059182,42.83549208342771,226.19230397289672,py,"[1000.0, 0.5]",NIG,1
344,66.88766702564727,64.88846512465747,61.08698617965707,49.70464938797442,37.54309089928525,253.8151970639623,py,"[1000.0, 0.5]",NGG,1
345,44.14960779986169,43.012094957523416,38.05445353831909,21.521474057474276,53.006417206313664,247.70080730258977,py,"[1000.0, 0.75]",DP,1
346,36.00470794464728,34.79762929069969,29.71530550344804,15.213403554758328,62.30283714193817,262.3068880272554,py,"[1000.0, 0.75]",NIG,1
347,54.1108723174477,53.058438906791224,48.253284819644385,30.92623513367124,43.158335140288855,229.83747733538328,py,"[1000.0, 0.75]",NGG,1
360,,,0.0317549357778785,,,2031.823467003147,py,"[1.0, 0.0]",DP,10
361,,,3.7896095873101534,,,9111.183509245688,py,"[1.0, 0.0]",NIG,10
362,,,1.6941437211033046,,,5010.310243170746,py,"[1.0, 0.0]",NGG,10
363,162.72042239162343,145.2895691874332,88.81849154674008,1919.090811285483,1529.9350741601947,3357.455100300777,py,"[1.0, 0.25]",DP,10
364,80.95841995624868,71.33361708517423,39.1831511778089,945.215180301994,713.2609884664134,4203.64864135069,py,"[1.0, 0.25]",NIG,10
365,87.31960758302098,77.08748408238847,43.04484369512512,1020.9839412092848,776.799269505054,4137.813709195795,py,"[1.0, 0.25]",NGG,10
366,858.8667124735106,356.0443388225971,446.1763787424168,1209.6402412359391,1266.0170294916654,784.1480201066214,py,"[1.0, 0.5]",DP,10
367,439.565406132989,181.09422934737208,224.53715101696636,605.1479809793578,591.396672141749,3546.178555386006,py,"[1.0, 0.5]",NIG,10
368,451.0920851553749,185.90364378600623,230.6300589047518,621.7655973571991,609.732316063399,3469.6646919516097,py,"[1.0, 0.5]",NGG,10
369,475.0072002996666,556.2689997895657,721.5610089210694,577.4561203080738,1057.0824718474073,2415.75291343007,py,"[1.0, 0.75]",DP,10
370,278.3930034081774,325.4482357834312,420.1504099949395,326.0393216503474,570.2843801119892,1780.9486057336971,py,"[1.0, 0.75]",NIG,10
371,233.4605020562044,272.6984625994841,351.26864887154164,268.660022203983,462.3408810256719,1656.2330019485016,py,"[1.0, 0.75]",NGG,10
372,115.60399843314478,530.6760615285643,1843.128098202024,4636.589119471961,1750.0465810808869,11775.679595268548,py,"[10.0, 0.0]",DP,10
373,57.321853503407205,263.9844369914524,917.7322339073734,2301.942817169251,833.6271429444006,5912.51155287845,py,"[10.0, 0.0]",NIG,10
374,58.97440495206399,271.54630059487243,943.9712180416176,2368.14016000251,859.6116064862866,6077.490701404164,py,"[10.0, 0.0]",NGG,10
375,103.45978844966642,561.2988085188283,718.8898847150082,1444.0371407275338,3069.9615827549537,9953.17063252235,py,"[10.0, 0.25]",DP,10
376,52.8132934381836,287.821135934166,365.8587313947149,727.9529901887132,1523.9877919193732,4611.938901170215,py,"[10.0, 0.25]",NIG,10
377,53.74611811151944,292.8581423555503,372.3609813569029,741.1160547729244,1552.3568774699231,4710.315555741864,py,"[10.0, 0.25]",NGG,10
378,559.3815787183198,530.7202415307152,652.3439635425275,979.7094596667782,2016.805229818656,3712.889143971936,py,"[10.0, 0.5]",DP,10
379,347.4959407757752,329.0709223013655,402.5139665829528,597.1348165287918,1207.6908670062571,2107.3316054093916,py,"[10.0, 0.5]",NIG,10
380,319.3917685181222,302.3244789921834,369.37691521005695,546.4436098756511,1100.784704845216,1903.007841372863,py,"[10.0, 0.5]",NGG,10
381,414.6346223945157,422.9962201702272,471.2932558967547,543.3533947566641,895.2868616809857,1032.6719389249931,py,"[10.0, 0.75]",DP,10
382,248.2715517934908,252.6786163755926,279.3601978563646,313.4831394559991,490.5443930194543,676.25492638754,py,"[10.0, 0.75]",NIG,10
383,199.0747545741324,202.3123867400112,222.60185778731469,245.50603194089348,375.40801986255025,597.5955726919573,py,"[10.0, 0.75]",NGG,10
384,863.431420712092,1188.9933270844874,1209.3936344329302,1559.2673255157715,2713.4436043719293,3821.657738104742,py,"[100.0, 0.0]",DP,10
385,457.76675048176986,629.7287070061757,637.5295715182325,811.0332645726734,1374.5389354794495,1746.5596977202338,py,"[100.0, 0.0]",NIG,10
386,432.07933716177166,594.3150698189717,601.318115049512,763.653744012913,1289.757094343545,1615.244506438976,py,"[100.0, 0.0]",NGG,10
387,637.7973413970736,628.7700868008158,731.8068698342673,983.892397264934,1635.6523358945103,2423.647734225668,py,"[100.0, 0.25]",DP,10
388,407.2124157542452,400.84971568245015,464.62244814564224,616.7046285259034,998.8984772916344,1334.4115463366247,py,"[100.0, 0.25]",NIG,10
389,336.5312024024055,330.9914194287964,382.7798810648025,504.1935711386393,804.0673701524111,1005.5364754821928,py,"[100.0, 0.25]",NGG,10
390,452.37840637606774,469.3426746989883,473.2835890159309,622.0430536495454,739.2793003329682,1419.3106959825377,py,"[100.0, 0.5]",DP,10
391,286.5930756812643,296.76110521694,297.0786499863861,382.8928812184054,424.2578713444512,695.7279349083585,py,"[100.0, 0.5]",NIG,10
392,219.523493144587,226.942058078238,225.79374406567825,286.2804363997983,298.58983737080405,445.92617659293705,py,"[100.0, 0.5]",NGG,10
393,238.03787600975724,241.38164235726265,249.60897511285367,264.4964691616155,277.28184054394643,321.1352296785358,py,"[100.0, 0.75]",DP,10
394,143.10603470070524,144.51466691376905,147.22289689633652,147.11179588851184,127.94790990889996,248.9155224621558,py,"[100.0, 0.75]",NIG,10
395,79.12038072575386,79.22470006113399,78.21296216551481,69.21432038653263,65.93326237767086,312.4781819528259,py,"[100.0, 0.75]",NGG,10
396,274.67963115296317,274.1727844569869,285.16639552294225,314.7645126721068,333.50368728539894,230.0353780300653,py,"[1000.0, 0.0]",DP,10
397,190.7331688201444,189.8468073472425,195.51130803495505,208.8509480278489,199.09488834550925,122.3035645378085,py,"[1000.0, 0.0]",NIG,10
398,102.26464962914908,100.97832954700152,101.04290602605462,98.35008175048236,75.55467129667808,146.61964706719615,py,"[1000.0, 0.0]",NGG,10
399,180.78115894316448,181.28684937796336,185.873171898907,183.89758818758347,160.46829749646656,78.71479560600099,py,"[1000.0, 0.25]",DP,10
400,122.77276733836788,122.585046170886,123.7781230121578,115.00876284068964,81.93871355734015,106.68236083322472,py,"[1000.0, 0.25]",NIG,10
401,83.03087721376019,82.36809568093166,81.23643995788656,68.34033020369266,44.65137357112263,177.85172049559904,py,"[1000.0, 0.25]",NGG,10
402,109.05308334363512,108.6410124739843,106.6381156052162,96.93155454964447,56.88069931388153,128.8406013725936,py,"[1000.0, 0.5]",DP,10
403,49.39905367261784,48.33137699694768,44.331464699590995,29.64062321732885,39.878743940422254,228.22030119715407,py,"[1000.0, 0.5]",NIG,10
404,65.83052156922254,64.94342893479339,61.49358668442011,47.174960181987664,33.419968714910326,200.84655366916977,py,"[1000.0, 0.5]",NGG,10
405,46.618965242133555,45.044574687094055,40.14077585633656,23.442109483113512,46.51561406275881,334.8578719099205,py,"[1000.0, 0.75]",DP,10
406,36.1237341805134,34.55947715581254,29.487284067629783,14.759811806647695,57.99603772325012,352.741615893158,py,"[1000.0, 0.75]",NIG,10
407,107.99903598211884,106.36538071862176,102.44641503468124,89.54170296516091,45.94590965386861,230.26699017116016,py,"[1000.0, 0.75]",NGG,10
420,15.901506959258842,13.401506959258842,8.901506959258842,,82.59173867363519,96.19197293639095,py,"[1.0, 0.0]",DP,5
421,7.40828316747322,4.90828316747322,0.4082831674732201,,37.54194416810012,8390.990742213924,py,"[1.0, 0.0]",NIG,5
422,11.403734163106732,8.903734163106733,4.4037341631067335,,48.72615526731345,4488.884449743104,py,"[1.0, 0.0]",NGG,5
423,186.007801721625,515.8729278567062,360.186137888159,882.5498603743999,284.6296754174074,348.98058464506727,py,"[1.0, 0.25]",DP,5
424,92.4311852677448,256.4432021722569,176.40480341402778,429.6730131187831,189.99129705217464,7119.71543564914,py,"[1.0, 0.25]",NIG,5
425,106.1684786345946,294.52816810565463,203.3843865908418,496.1565251922362,203.8844598596467,6125.070969853759,py,"[1.0, 0.25]",NGG,5
426,888.3310836119501,879.927712341253,640.4613675779374,526.8775171875839,916.0807471287516,1034.5383077669323,py,"[1.0, 0.5]",DP,5
427,461.52545435108334,456.4100620531683,329.1317725201521,257.5105645108781,433.3348854116625,3455.12158902126,py,"[1.0, 0.5]",NIG,5
428,473.1786152437286,467.9734505872623,337.63206776727236,264.8651451993737,446.5153938472941,3388.098100374665,py,"[1.0, 0.5]",NGG,5
429,522.9648471604554,498.43318697488826,505.80784731401906,701.4561092315602,980.7900879761826,1575.000989635001,py,"[1.0, 0.75]",DP,5
430,309.0998500964276,293.97085669831256,295.9453828699833,402.16956502506304,536.7542111576612,1555.1571236687523,py,"[1.0, 0.75]",NIG,5
431,244.81180033239215,232.50925875502983,232.8604987468399,312.3246553086318,408.49690811258097,1609.3629085799355,py,"[1.0, 0.75]",NGG,5
432,35.22503459850795,117.40092143619393,297.6200875969477,2684.7802856125404,6528.330076032419,11873.063182583886,py,"[10.0, 0.0]",DP,5
433,17.11907273921817,57.358563275446414,144.61544062219858,1325.257371328223,3184.325767369105,6151.888356457898,py,"[10.0, 0.0]",NIG,5
434,17.656667636060778,59.141316690728395,149.15839271974912,1365.6237758605982,3283.614590869786,6321.681154407953,py,"[10.0, 0.0]",NGG,5
435,1042.0266399907186,1238.9250107205376,2281.1330732188753,4836.994658959278,5961.548964611013,7735.584341762799,py,"[10.0, 0.25]",DP,5
436,534.7285039874039,635.069262458352,1167.3208213410944,2469.366093405617,2997.061405851343,3442.1344461940676,py,"[10.0, 0.25]",NIG,5
437,544.2059023757,646.350560553455,1188.1291817344031,2513.598385146419,3052.444281556077,3521.578157657353,py,"[10.0, 0.25]",NGG,5
438,609.0942574656287,612.2352502128057,359.2865784546701,802.9634992513794,1321.9829887757255,4890.653238079194,py,"[10.0, 0.5]",DP,5
439,362.9731053464218,364.19170295182096,210.86947072772708,466.27378265981497,737.6150063009366,3224.12837439457,py,"[10.0, 0.5]",NIG,5
440,365.2988316193194,366.5351240837006,212.27197855547823,469.4524060403961,743.1038957006731,3239.834662230969,py,"[10.0, 0.5]",NGG,5
441,411.5338788177833,420.23894664753095,500.8154550671938,533.4334571579361,828.1170203403171,934.0148027964382,py,"[10.0, 0.75]",DP,5
442,245.67982375650055,250.2608830036865,296.0944251308878,306.74093526976714,448.77141029636994,565.8071323494308,py,"[10.0, 0.75]",NIG,5
443,200.50655711706952,203.96437015086536,240.33505483032957,244.99844700576048,348.09828675737464,535.6207300630787,py,"[10.0, 0.75]",NGG,5
444,1223.550244124512,2002.0888996762696,957.6865128368956,1221.34988495502,2160.0735182246385,4002.8947702636606,py,"[100.0, 0.0]",DP,5
445,645.9042400592149,1056.2904337542743,501.6212678588613,627.6803605720139,1077.7359079242651,1807.7886390899105,py,"[100.0, 0.0]",NIG,5
446,619.2249840595963,1012.6076259121072,480.55736135268467,600.293688524138,1027.746880076762,1707.77929081123,py,"[100.0, 0.0]",NGG,5
447,628.6378025001012,610.8045636666549,683.7157346225066,938.8409733637468,1782.0728331212115,2914.4786561919127,py,"[100.0, 0.25]",DP,5
448,400.0343731306994,388.0784734450861,432.3098008244806,585.8256754191369,1085.5937613575709,1654.0954053478397,py,"[100.0, 0.25]",NIG,5
449,330.69239066626756,320.52379883178816,356.0888167611255,478.74447220617304,874.4281830340188,1273.0790904110709,py,"[100.0, 0.25]",NGG,5
450,422.2086505031993,425.55197902508615,452.1958120757188,475.3006443394391,717.881189387503,935.3418360362392,py,"[100.0, 0.5]",DP,5
451,273.26190819687025,274.8482787763227,290.0219189751837,296.19601446027247,422.88967857375974,489.9626867570832,py,"[100.0, 0.5]",NIG,5
452,214.64089813777107,215.5357822998479,226.195095564584,225.75625135881964,309.0947248795417,367.25241652349285,py,"[100.0, 0.5]",NGG,5
453,250.6535227604762,250.70346279793168,262.0717802901048,288.53731994369275,309.5681843658749,450.18325989918407,py,"[100.0, 0.75]",DP,5
454,146.9266039480161,146.3304791622299,150.68958701148946,156.85916099459564,141.4284800152756,297.7552047193582,py,"[100.0, 0.75]",NIG,5
455,79.54169568863938,78.52586289125139,78.3315244975688,71.82075923012107,68.2148319948154,337.0964930037247,py,"[100.0, 0.75]",NGG,5
456,291.4372448165618,309.2724490865865,317.32808364714055,385.62807436241974,433.7916025838139,380.8515530671218,py,"[1000.0, 0.0]",DP,5
457,192.05820346032297,203.24477796873265,206.4216958875925,243.24236872637968,251.3139003817753,168.01483360339174,py,"[1000.0, 0.0]",NIG,5
458,99.60462721970634,104.60589756163982,103.25069341039963,112.39929445187325,97.43727742107563,138.53159634797572,py,"[1000.0, 0.0]",NGG,5
459,209.6169083824922,214.07031437190895,220.1493803196423,232.14653745607427,253.2511591304254,124.76566933746624,py,"[1000.0, 0.25]",DP,5
460,137.01475926037023,139.34874335555585,141.22225904739835,141.31393683578185,132.44957833010676,115.00250819381962,py,"[1000.0, 0.25]",NIG,5
461,84.13705213348554,84.92741566706852,83.73793863173492,76.04001112262652,61.91731328527276,171.69661390322042,py,"[1000.0, 0.25]",NGG,5
462,112.31170594385962,112.49639557727453,110.97947657798478,97.04647884731762,59.10041475776001,116.79592688940664,py,"[1000.0, 0.5]",DP,5
463,49.79874652776456,48.99086709284321,45.10112491844692,28.92091072858054,49.59062900535385,232.61922837949209,py,"[1000.0, 0.5]",NIG,5
464,67.64102659965994,67.11644354797471,63.90394615684812,47.32793505400356,41.67100326058963,198.9174907115469,py,"[1000.0, 0.5]",NGG,5
465,42.21791147933825,40.81318748438434,36.29627317624928,19.602273606218205,50.259294987916896,,py,"[1000.0, 0.75]",DP,5
466,36.03151360444021,34.60965897546335,29.93034769841822,15.182167942322712,57.92260759417419,,py,"[1000.0, 0.75]",NIG,5
467,52.85112545564818,51.47584568669066,47.23806016310117,29.34713008616046,38.17627780286353,,py,"[1000.0, 0.75]",NGG,5
480,,1.6536409624300632,0.0325642605915081,0.1953855635490491,1.2960575715420075,129.9405177530826,py,"[1.0, 0.0]",DP,3
481,,1.0071970243500958,2.5269888413128596,15.161933047877156,100.5741558842518,10083.393033713875,py,"[1.0, 0.0]",NIG,3
482,,1.2700982059958437,0.9914211516770576,5.948526910062345,39.458561836746895,3956.04799311393,py,"[1.0, 0.0]",NGG,3
483,87.44018945661931,262.7519320473285,440.0836322473529,521.4153333048845,3410.118510418087,2626.6411249690755,py,"[1.0, 0.25]",DP,3
484,43.256894793934904,130.2363376608864,216.04659737154896,245.39317558155415,1628.3210839776875,4345.032179515947,py,"[1.0, 0.25]",NIG,3
485,46.07918448840451,138.70101643254966,230.3573774873542,262.9222211929737,1742.1366912715066,4235.266771541238,py,"[1.0, 0.25]",NGG,3
486,533.2869801931134,1279.532364605839,598.2949655963473,1084.1190388722491,1536.650138351183,4038.805127030084,py,"[1.0, 0.5]",DP,3
487,277.2035105989138,665.0099898196868,307.188082535466,549.7622806742952,737.8038141677545,3433.817176877938,py,"[1.0, 0.5]",NIG,3
488,283.41436042500595,679.9141388091484,314.2483630639122,562.6856539069871,757.1784132447319,3448.490085328237,py,"[1.0, 0.5]",NGG,3
489,513.5510668103493,451.5019675412977,531.7829540373946,797.6149662208135,758.3800875934069,1831.4536112636845,py,"[1.0, 0.75]",DP,3
490,306.17670475652886,268.5097910766091,314.2085826074113,463.0912983302829,402.4950959898635,1111.3784221683306,py,"[1.0, 0.75]",NIG,3
491,251.6998492180996,220.4380899116316,257.05220375774877,375.2574632636139,312.4491344830551,984.4016323451286,py,"[1.0, 0.75]",NGG,3
492,22.38075448068696,129.42622506520104,390.4845242195279,3249.154827261979,1869.808497076819,11507.562622916552,py,"[10.0, 0.0]",DP,3
493,10.822865802034457,63.39871208183515,190.8035538564251,1611.798974573116,869.8579093893886,5593.613574658734,py,"[10.0, 0.0]",NIG,3
494,11.143130259685176,65.22830797288235,196.336633422646,1657.1694482575688,897.5661389412733,5754.473883740492,py,"[10.0, 0.0]",NGG,3
495,147.7591962674507,923.8276414768465,816.1112011251138,1229.0418255746386,2927.6637258047926,8074.026713076048,py,"[10.0, 0.25]",DP,3
496,75.03103372102015,470.76401897405736,413.0734350310193,611.4951346295752,1433.283918431976,3845.5614416975873,py,"[10.0, 0.25]",NIG,3
497,76.767004141683,481.578331061773,422.693664882182,626.2355426272951,1468.953720225455,3941.373024322676,py,"[10.0, 0.25]",NGG,3
498,795.8701440449753,735.3115766929035,769.1979211235029,1131.6167751654943,1968.3333991432685,4231.896256597231,py,"[10.0, 0.5]",DP,3
499,483.7646986642797,446.28280666358154,464.608240841032,675.7972412106968,1146.0873926288434,2477.4058632930028,py,"[10.0, 0.5]",NIG,3
500,477.6488299252955,440.619137395868,458.64089134917407,666.8743804215657,1129.975053925939,2446.446447092919,py,"[10.0, 0.5]",NGG,3
501,425.7877248320128,423.22777170342965,453.1837938238097,633.550748244583,943.8115150803724,1520.9238408435451,py,"[10.0, 0.75]",DP,3
502,250.9493032164255,248.80333604223893,264.139372628944,360.9238356751654,512.4962295770819,834.9462827138981,py,"[10.0, 0.75]",NIG,3
503,202.50349959233031,200.472243372773,211.757242769788,285.3819167597625,396.3636001686283,693.7413162701162,py,"[10.0, 0.75]",NGG,3
504,381.76489891703983,856.3869975834591,1007.5535290759724,1453.7408287210008,2809.059279113186,4343.116571503471,py,"[100.0, 0.0]",DP,3
505,201.0143185691732,450.65156988338464,527.4144422635592,750.9360439145581,1424.7017026036726,2003.739112888707,py,"[100.0, 0.0]",NIG,3
506,191.2484073597107,428.729780454956,501.4726406882715,712.9636672129409,1350.0725485491396,1877.343100758174,py,"[100.0, 0.0]",NGG,3
507,538.7564028813823,639.3611037096612,775.4587358617009,1036.3729741237294,1457.4441514648042,2522.770548919749,py,"[100.0, 0.25]",DP,3
508,342.70463756013925,406.1553904123431,490.6188860303393,648.03459873507,883.306464333638,1407.9610627212148,py,"[100.0, 0.25]",NIG,3
509,282.5072337245495,334.5570790205328,403.1978644977235,528.9095470644323,707.1224491377023,1087.4532051306142,py,"[100.0, 0.25]",NGG,3
510,452.63688935216544,461.779932215848,507.0604556323397,603.4393359832753,844.4303365139201,960.1953348899792,py,"[100.0, 0.5]",DP,3
511,295.25760637277773,300.67500222453214,328.2190631292236,382.7539990340881,508.4837520213957,494.0205830252819,py,"[100.0, 0.5]",NIG,3
512,225.44586398843185,229.210603248496,248.88696182132716,285.11570930951467,361.4787258909058,344.6059012746196,py,"[100.0, 0.5]",NGG,3
513,225.62943326224496,222.9273486412196,233.7284366670916,252.016026344919,267.4207134769506,255.7162277245455,py,"[100.0, 0.75]",DP,3
514,134.5893497906313,132.35405201653026,136.57881685866687,138.05210078606072,127.3719742626797,300.8116965640634,py,"[100.0, 0.75]",NIG,3
515,77.06904731113592,75.12867150552098,75.19843028541634,66.84318102243823,72.08613346636737,403.00861947200065,py,"[100.0, 0.75]",NGG,3
516,309.04836216791523,312.78066777385374,314.06456676032155,395.30549324600133,458.536001583968,312.25848245083455,py,"[1000.0, 0.0]",DP,3
517,206.401088161408,208.3092487699629,207.09998848638577,253.3697315205757,270.02759518540967,128.18834118355284,py,"[1000.0, 0.0]",NIG,3
518,174.6415355421674,175.98529705108476,174.00464148408102,209.5270227771225,212.8712810053737,102.64515502171407,py,"[1000.0, 0.0]",NGG,3
519,188.8056368914332,190.25071827414897,193.09817674425008,191.81088416051793,172.27591619406925,85.83156222823528,py,"[1000.0, 0.25]",DP,3
520,128.0767846541143,128.52008700178928,128.4956306873941,120.22764929689052,87.91547604317833,100.34104612412654,py,"[1000.0, 0.25]",NIG,3
521,81.4576344612269,81.13191046353062,78.90279817842185,65.9867623546315,46.30725178226681,195.1737393034966,py,"[1000.0, 0.25]",NGG,3
522,127.8054563498618,126.84089994688983,125.79972324130472,117.56244824725738,88.34029174037977,70.82645411503835,py,"[1000.0, 0.5]",DP,3
523,83.1189993771218,81.92989417896399,79.20793384439094,66.49742379624983,45.70015805101284,132.67296934444502,py,"[1000.0, 0.5]",NIG,3
524,68.24920538062356,66.98537968429223,63.70412447586059,49.869080674536995,39.80305070544486,159.74459142621888,py,"[1000.0, 0.5]",NGG,3
525,46.29810544630177,44.93868902371544,40.68355998881976,23.197012014525686,47.023208162482554,212.6629629692198,py,"[1000.0, 0.75]",DP,3
526,36.13518668687416,34.74014795383812,30.177476759318537,14.82129401325719,59.04226602472129,228.7968746772977,py,"[1000.0, 0.75]",NIG,3
527,53.26674929241934,51.93175884433358,47.887509363709206,29.921413050767285,40.69649245876281,201.6000501191143,py,"[1000.0, 0.75]",NGG,3
540,6.948087525395248,4.464310173709233,0.0519124746047521,0.1362702458374727,,162.11616913131445,py,"[1.0, 0.0]",DP,2
541,2.9568151599204344,1.7203104224452987,4.043184840079566,10.61336020520886,,12626.360857463473,py,"[1.0, 0.0]",NIG,2
542,5.41372631559348,3.4094368419705177,1.5862736844065206,4.163968421567115,,4953.7344321910105,py,"[1.0, 0.0]",NGG,2
543,2373.96024108116,9399.174800998398,3625.0533027381903,9996.203844143343,3412.9355304491096,3214.9729367214904,py,"[1.0, 0.25]",DP,2
544,1189.9425171879282,4711.919237500722,1813.7552082088664,4994.661155244301,1649.3125884961405,4097.20657219871,py,"[1.0, 0.25]",NIG,2
545,1255.798924784361,4972.6297037962295,1914.5016608884223,5272.852627621951,1747.407295161315,4048.135737598172,py,"[1.0, 0.25]",NGG,2
546,776.340088368208,736.8506191787747,807.6021053901197,1650.4087341968125,2495.4059326721485,3642.3835442533127,py,"[1.0, 0.5]",DP,2
547,402.80852538183075,381.5365822924341,415.427650842698,843.5004818176568,1239.143401806285,3737.545573256275,py,"[1.0, 0.5]",NIG,2
548,412.12907195710414,390.4025560355104,425.2133841821184,863.63486052489,1270.2623562863266,3735.171042663925,py,"[1.0, 0.5]",NGG,2
549,1374.316765400614,865.6512795814306,4859.021853604082,3898.123581933738,258.4685499628918,3280.9897508670465,py,"[1.0, 0.75]",DP,2
550,779.9582068376188,490.4259101859679,2755.698882987684,2204.219492498844,109.58082590577769,12132.661165442192,py,"[1.0, 0.75]",NIG,2
551,803.8626716300032,505.51699216177326,2840.2959255695996,2272.122249153374,114.21159995836577,11776.189290767394,py,"[1.0, 0.75]",NGG,2
552,177.98780715099258,247.09931859921497,2164.6990582678905,3639.5266184005263,3714.213676340448,16986.532434192577,py,"[10.0, 0.0]",DP,2
553,88.58112428997411,122.32092322972788,1080.5710415264718,1805.3706010059211,1786.169718385927,9088.144134654953,py,"[10.0, 0.0]",NIG,2
554,91.23693235308224,126.03394900010662,1112.8313959943323,1859.949508991676,1843.542446101407,9309.578351475624,py,"[10.0, 0.0]",NGG,2
555,142.46333700914863,841.5433912423873,320.24994241686295,675.9075882903751,2450.8492170464583,8988.063102388653,py,"[10.0, 0.25]",DP,2
556,72.40752019780237,429.2611567307077,159.46331825850166,328.7183226867257,1201.6866552899396,4034.7168475612,py,"[10.0, 0.25]",NIG,2
557,73.85689295849818,437.7907930638218,162.78980510779388,335.90126176695946,1227.5303649645618,4128.489778624926,py,"[10.0, 0.25]",NGG,2
558,627.8823650344638,640.4376974416482,960.1359323221002,1247.9626268231232,1612.4781742593343,4297.593501967308,py,"[10.0, 0.5]",DP,2
559,382.63546407870456,389.6585233225951,582.3395222885096,749.3417475678085,937.4010554035808,2514.665171317611,py,"[10.0, 0.5]",NIG,2
560,371.3249141936399,378.0928303496981,564.9164514317607,726.3627162439514,906.5907089114136,2441.8509313382983,py,"[10.0, 0.5]",NGG,2
561,508.43674215031575,520.9555773065815,601.355677782447,730.0002707375511,707.0255508345058,1865.3214123088933,py,"[10.0, 0.75]",DP,2
562,301.01541707841795,307.8093327293788,353.1865833173395,420.15280298290094,372.1822879694014,1228.5098617437434,py,"[10.0, 0.75]",NIG,2
563,218.48828166718417,223.00441220097136,254.44705180240788,296.955310959208,246.91863688412843,1065.8388499393018,py,"[10.0, 0.75]",NGG,2
564,735.2049704476444,488.8184919599228,888.9564246325968,1433.689843048926,2462.4462774691992,3310.002376035274,py,"[100.0, 0.0]",DP,2
565,389.7438425363323,258.12297910578917,467.4914504123744,744.4023150505358,1245.1589110909988,1492.631606429245,py,"[100.0, 0.0]",NIG,2
566,377.8470289870831,250.17840508188135,452.9772552953934,720.6649838723516,1203.2385916581975,1430.9160855125508,py,"[100.0, 0.0]",NGG,2
567,663.3503214820026,800.0036954855998,883.6256639078397,1050.8571975380485,1503.386943323945,1969.4355833463335,py,"[100.0, 0.25]",DP,2
568,420.27938540990885,506.3499106481431,557.1928212240445,654.1072149495752,905.9011094633562,1025.2993559986828,py,"[100.0, 0.25]",NIG,2
569,352.18573225618223,424.09096439106634,465.80142532878347,543.0175864548437,738.6957478495691,773.9304106490962,py,"[100.0, 0.25]",NGG,2
570,454.3960463662325,451.01920308998336,536.3497278627412,630.0110437249582,891.6832443868943,1385.102280110116,py,"[100.0, 0.5]",DP,2
571,287.4774206242696,284.73428012250776,336.6274812778958,387.2080237664906,521.0178853142712,726.0004225218472,py,"[100.0, 0.5]",NIG,2
572,223.59657753495367,221.09595920423175,260.192479259276,294.45564311488573,380.5607079270235,503.179100139336,py,"[100.0, 0.5]",NGG,2
573,243.94911103879937,247.25574413556387,242.2662782903124,284.5526686133943,306.62440619225066,284.3120621939628,py,"[100.0, 0.75]",DP,2
574,146.1924570772121,147.56425751717464,142.34976816265146,158.4034712523552,145.08044729530755,275.1177186273119,py,"[100.0, 0.75]",NIG,2
575,79.67788763662976,79.733209290828,74.36561177203552,73.42401311302561,70.42932222042978,369.1706053447943,py,"[100.0, 0.75]",NGG,2
576,305.31994409372885,316.15218314171307,328.1951823176509,402.147002701676,460.7388190078517,465.67744261092383,py,"[1000.0, 0.0]",DP,2
577,203.5231169749115,210.16026215066276,216.0810498868934,257.4027149981582,271.31599396103354,243.5332036934189,py,"[1000.0, 0.0]",NIG,2
578,99.37065039247986,101.71562471473342,101.37949054186804,110.62698867290764,93.77136535975096,127.44746849282848,py,"[1000.0, 0.0]",NGG,2
579,225.59217293891203,219.8113048361284,230.69982287276824,249.766056170912,251.61714134706168,205.81216066206431,py,"[1000.0, 0.25]",DP,2
580,148.97150210935814,144.5751506022367,149.72014664860214,154.3039861194855,134.13049701575397,91.26864490561935,py,"[1000.0, 0.25]",NIG,2
581,171.95870083487952,167.1469763249017,174.0151037396737,182.9294550752201,168.18041974522362,116.63081295261593,py,"[1000.0, 0.25]",NGG,2
582,103.45218730901556,102.53825841265704,99.01761287750952,83.73705154055463,47.96455514892877,203.72974729154643,py,"[1000.0, 0.5]",DP,2
583,49.633884286401006,48.36118981631164,43.67940000573791,26.413336922549536,42.83070666861574,303.31097477459235,py,"[1000.0, 0.5]",NIG,2
584,66.81974487464242,65.6616154277478,61.35061515381043,43.6466105314364,33.799202508902425,271.5115868970035,py,"[1000.0, 0.5]",NGG,2
585,40.229591285262714,38.736140536936794,34.513715637482285,17.484393639120558,53.246991015804625,205.8861812787951,py,"[1000.0, 0.75]",DP,2
586,35.89203018451587,34.39506568440116,30.03143331533501,14.370766464298468,58.55776515065626,211.89484327804448,py,"[1000.0, 0.75]",NIG,2
587,52.94806553760424,51.46491771310443,47.65653737112649,29.026633357921614,39.60770519468792,188.267752130845,py,"[1000.0, 0.75]",NGG,2
0,516.2528138213695,543.1377243949775,659.9553035703631,714.9574997316377,612.5951164220833,1877.814458728195,zipf,1.3,DP,7
1,306.744183011621,322.1204098338991,389.3166284550546,413.117306734987,321.6784857954885,1513.5877742877817,zipf,1.3,NIG,7
2,240.48335824915333,252.21975947404664,303.72234168771143,317.7051418867296,232.11318750663125,1448.790143686702,zipf,1.3,NGG,7
3,846.8357263879864,971.0137125830294,327.9570911369636,529.6739159624376,801.9020828886407,1906.5195999345283,zipf,1.6,DP,7
4,504.8298546175888,578.2963825576965,192.37640765271823,303.8151853155298,429.1596529957387,2267.4893467098236,zipf,1.6,NIG,7
5,516.3408781143295,591.5146267994008,196.93712762344435,311.3876688425026,441.6254206789727,2254.612466509368,zipf,1.6,NGG,7
6,1968.032152501592,1539.6709738897714,1106.540636639119,718.4317482734255,1126.707228674525,1546.1756348341455,zipf,1.9,DP,7
7,1019.5370547945917,796.6933246782215,569.5189465120532,357.1274128592803,531.1125280708925,3257.922287856676,zipf,1.9,NIG,7
8,1041.8122012085792,814.1419503574879,582.1307531560586,365.5680621056212,545.0739200609494,3216.1043697437385,zipf,1.9,NGG,7
9,80.16752172691,90.62865774682352,243.80488042986653,682.5139093317651,1243.3566093765826,857.6231823262625,zipf,2.2,DP,7
10,40.16310598049515,44.61910213973656,119.36089169379636,330.36012048067767,573.8513387680364,3947.2217802007463,zipf,2.2,NIG,7
11,41.35076160635905,45.98503903796895,123.05539892680318,340.66809551472204,593.032111579131,3855.497427077158,zipf,2.2,NGG,7
12,503.135640382526,489.41226218980705,446.0008582297836,738.1889277276247,1184.611390683743,1853.5064550008929,zipf,1.3,DP,9
13,297.6950998147602,288.94692158514613,260.887021685516,424.69915776258097,655.3728340276891,1537.1738835098113,zipf,1.3,NIG,9
14,236.93162692878377,229.6549714435286,206.13561012579305,332.00369564657206,503.4119704740847,1502.5235593563193,zipf,1.3,NGG,9
15,534.2000685660828,453.1773319622098,987.7026174468232,1424.268573542623,3234.0464292852193,5571.549236588802,zipf,1.6,DP,9
16,315.91301826886547,267.32630938605024,581.5004292090438,831.5899219059766,1873.827616672521,3729.22589426796,zipf,1.6,NIG,9
17,320.91124266388016,271.58119056849966,590.8005847668147,845.1338565756912,1904.7411319281705,3759.92738952632,zipf,1.6,NGG,9
18,1037.5511289135784,991.0271318348612,1266.0488672959923,3793.315589749665,1295.6601037360415,1785.1043092653306,zipf,1.9,DP,9
19,543.091467536393,517.9182243619501,659.0761731718966,1971.6262639316776,629.0100549583566,3228.56012843984,zipf,1.9,NIG,9
20,556.0776462162071,530.3436602212544,675.0173236344243,2019.4699707737968,646.5185340650696,3190.5846401149824,zipf,1.9,NGG,9
21,133.84710008134442,109.9007454199437,264.50287040748134,730.665880146556,1098.1950220782346,1342.2632075433185,zipf,2.2,DP,9
22,67.45414219958593,54.49017699289281,130.00584704841154,357.0244842180234,507.3597274683559,4097.251601828858,zipf,2.2,NIG,9
23,69.40055207276832,56.11462152595824,133.9488304992464,367.93776503816736,524.6809568207433,4016.484954548426,zipf,2.2,NGG,9
24,526.3871275772477,569.5231979348168,682.1841195571105,1021.8953525806784,1368.769496400033,4560.25556963724,zipf,1.3,DP,10
25,309.44445165064195,334.2081774140583,398.1729745668148,588.4167443120606,756.3838408130699,3067.5304993484656,zipf,1.3,NIG,10
26,244.81514707305053,264.10557511158277,313.5633295783073,459.4087487513412,575.8648391446374,2678.09541776631,zipf,1.3,NGG,10
27,763.3032177092571,527.9556230381237,679.6762823323213,2632.20407312033,4580.0669215788885,2498.9889150936065,zipf,1.6,DP,10
28,455.18519471656697,314.07724238596285,402.37249268575505,1558.7095131543567,2682.857794571015,2581.4610281291884,zipf,1.6,NIG,10
29,462.4522946556773,319.1214337858698,408.9124010184715,1584.0009477256651,2727.106164283132,2579.515861025169,zipf,1.6,NGG,10
30,782.0314924422963,447.68759348932423,611.0953935876794,1388.6362556223223,1681.1862081957522,2052.934435776294,zipf,1.9,DP,10
31,406.6152233823324,231.7795369048698,314.3060785265263,708.7450816902083,824.6160209057887,3304.4233728494987,zipf,1.9,NIG,10
32,416.3190094217309,237.36034348665203,321.9775095472024,726.2949817820439,846.7567071525588,3270.961877622038,zipf,1.9,NGG,10
33,50.20460156879263,123.06635511530357,230.3050177962979,404.3009080196847,537.0523266669111,1579.58459419479,zipf,2.2,DP,10
34,25.01957709755864,61.244960994139866,112.87590274012854,189.63569104365283,226.9817281358332,4527.532757852634,zipf,2.2,NIG,10
35,25.762209445253724,63.067892200993406,116.338542194838,195.96553734709664,236.12479872531625,4440.606431131724,zipf,2.2,NGG,10
36,536.2588327242343,480.6480072263023,390.0461857475504,614.3875324598039,604.1167405047947,2339.8652155980226,zipf,1.3,DP,1
37,317.9149186140735,284.28527842325985,228.2146951904619,352.0106229253988,318.69160625923075,1647.518327173177,zipf,1.3,NIG,1
38,246.8159153715002,220.3439757824901,175.51774818023424,266.5788547679107,230.96152386225177,1543.119094568553,zipf,1.3,NGG,1
39,681.9374867544091,772.6099549455249,793.5420260494084,761.9626719281705,1786.4494466280826,3782.655415823852,zipf,1.6,DP,1
40,403.10274762237987,456.1389423175802,465.9906712787218,438.7291400386689,1007.8848113473988,3146.5218720442567,zipf,1.6,NIG,1
41,410.8608357037756,464.9438301131872,475.10405669068086,447.7113044154244,1029.4466231437102,3162.9089787480984,zipf,1.6,NGG,1
42,357.6911530933937,286.8665145801368,336.24176639267836,598.243216313658,1421.0223772586426,1966.3579078972928,zipf,1.9,DP,1
43,186.44384116693996,148.70923557832916,171.7031752741725,297.5963069113952,688.5019889854037,3293.242113437959,zipf,1.9,NIG,1
44,190.7949444178177,152.2195773117822,175.88382132727926,305.23523408724594,707.1140875164357,3253.4131405642156,zipf,1.9,NGG,1
45,92.19633669906358,190.28142859098537,204.2693444887051,938.3622342181476,1678.405939863467,1224.4668769618738,zipf,2.2,DP,1
46,46.16632522154677,94.98108639408996,99.37386087729824,458.9239122301522,806.1052430639055,4306.744263021737,zipf,2.2,NIG,1
47,47.55947334084389,97.86545440179356,102.54863622549414,473.4346319792183,832.4445462942953,4209.8316517542235,zipf,2.2,NGG,1
48,477.6140562836895,484.7672477121341,517.7946710675723,564.5077386046005,1063.7565523680912,1581.461713265484,zipf,1.3,DP,5
49,283.1355562441519,286.76078979755727,304.08668986632324,322.218986037518,586.7312035303706,1269.0445536033146,zipf,1.3,NIG,5
50,228.58047679312065,231.2160481363792,244.13735926480985,254.34787616012335,458.75929449323087,1287.909371993822,zipf,1.3,NGG,5
51,529.9605160646213,357.0309839900491,705.5344266201312,925.531612349328,1022.9773809699282,1770.9020755952508,zipf,1.6,DP,5
52,315.2486015535916,211.5887186033247,416.9372768449237,538.7912777383178,556.943150086358,2159.5544684627894,zipf,1.6,NIG,5
53,321.0550614907016,215.52178495942593,424.740410511951,549.2298790171462,569.5124883132294,2147.967555160457,zipf,1.6,NGG,5
54,408.4564321347472,365.8698031300102,289.31577322267856,1022.358335899634,1498.8136153692556,2811.0893705821695,zipf,1.9,DP,5
55,212.71171575658843,189.7573968494839,147.02165992897145,519.0350745579088,743.6326925393289,3485.9323213173716,zipf,1.9,NIG,5
56,217.7372093780305,194.2788561807781,150.67487812028511,531.9572513920946,762.5662425615061,3466.782365038597,zipf,1.9,NGG,5
57,276.2953336090005,170.75345604913875,203.31117671611003,315.22338075483214,1323.3199040666436,2286.9463604185753,zipf,2.2,DP,5
58,139.80721531632983,85.41987927948267,99.13318638665636,145.55273318416383,617.5271778016297,4632.9643022680375,zipf,2.2,NIG,5
59,143.82789251078927,87.93364216471578,102.20206941561054,150.4270614265311,638.3184727070527,4556.380160323526,zipf,2.2,NGG,5
60,510.72971495319746,550.6455157130963,485.1636958477849,459.524125381478,674.8829244254616,2034.635676705603,zipf,1.3,DP,3
61,302.4080564223585,325.4504259779297,284.28446787416533,259.6709585625965,353.40636612048405,1619.9508173085785,zipf,1.3,NIG,3
62,239.16122957078932,257.08079533679046,223.29717620548269,199.1271726934958,261.5140388690523,1579.331005903999,zipf,1.3,NGG,3
63,661.9020304884644,1002.3934352702184,1334.517822940908,1109.2639863649597,2030.4499979144575,2138.3574320729203,zipf,1.6,DP,3
64,392.9000272213536,594.6188344227195,789.5118670538166,646.6108335973128,1157.8744047537346,2354.0626964553203,zipf,1.6,NIG,3
65,400.07160830496446,605.4893461096747,804.0412679763309,658.9116329280665,1180.9960229313915,2342.2111263655224,zipf,1.6,NGG,3
66,397.4513488904624,277.2128423423934,291.66158067209795,413.8844914811522,1364.0462692054466,3044.4555749189644,zipf,1.9,DP,3
67,206.04303267633304,142.7723247841647,147.5626403605652,199.12772673230293,658.9154050794054,3947.3246566671824,zipf,1.9,NIG,3
68,210.71690805032023,146.05514047738956,151.08129880686926,204.3476875231225,676.0106445584869,3923.906797178416,zipf,1.9,NGG,3
69,288.82261563488964,366.50773631974494,334.9606588384546,917.8709753924912,1087.7941377714967,1009.8967376905556,zipf,2.2,DP,3
70,145.97779640906236,184.48710029128856,165.77784109421145,449.42289689257433,490.7627888717559,4275.533548888166,zipf,2.2,NIG,3
71,150.18701531668373,189.85071590507567,170.76316376221732,463.226691247506,508.1135105659307,4178.153823592304,zipf,2.2,NGG,3
72,514.2115487136047,491.478885009338,607.2257522728638,912.6504753719764,1062.498398277409,2221.084766771166,zipf,1.3,DP,6
73,304.4182812074973,290.32210292035694,356.6416292431483,528.5114450554133,582.2913806256535,1760.86207640861,zipf,1.3,NIG,6
74,241.302005778979,229.80411293159565,281.2534305884954,412.97420568675665,443.08597910993313,1683.16872044282,zipf,1.3,NGG,6
75,526.3941903919988,377.35511898152,271.0283420580711,473.7490630795611,998.0949608783416,3315.6257816123184,zipf,1.6,DP,6
76,313.0779138625381,223.6866957133119,158.0820379037237,269.2852695392264,548.1867949272605,2916.4869251422715,zipf,1.6,NIG,6
77,318.74383201214346,227.76783314797305,161.08157860789183,274.7160558702333,559.7761210532734,2925.2202311852593,zipf,1.6,NGG,6
78,1830.7639948753413,2865.845980104775,2987.3363482015616,238.87263738163665,1151.1800662812034,1417.8987755919163,zipf,1.9,DP,6
79,956.7992220691776,1497.237070088555,1557.536641867438,109.64239516049626,542.8358637803369,3140.9342753025026,zipf,1.9,NIG,6
80,978.7872776012985,1531.669863779504,1593.5089331094975,112.80605747558872,557.8890902086774,3097.068973225666,zipf,1.9,NGG,6
81,73.82935147326295,217.0907989306301,150.51868686302126,280.8239973588338,2010.7698890162856,7532.327526702939,zipf,2.2,DP,6
82,36.95120888369956,108.7082967475524,71.93779914970926,126.93891629915407,952.8180474940392,5249.316891649552,zipf,2.2,NIG,6
83,37.99765739065011,111.78374197404662,74.16759834370981,131.30553571133782,981.5718372493188,5252.711862634499,zipf,2.2,NGG,6
84,483.0821108524549,519.3152748839243,451.38339014126205,648.0878270585729,864.0225426696699,1306.8564279056325,zipf,1.3,DP,8
85,287.53839022685986,308.5154704915128,265.71511537288086,373.7383292376993,465.8729999021867,1159.62343417936,zipf,1.3,NIG,8
86,226.9874428669743,243.24041170465216,208.22214195531583,288.9860273610094,346.32226859995376,1215.2466834731724,zipf,1.3,NGG,8
87,562.589224067186,537.2017348837976,447.0269724437718,1042.6613262448602,891.3936550827193,2614.9047054008774,zipf,1.6,DP,8
88,333.9215419948804,318.2314426959836,262.26650499014033,606.423099011172,480.740776440646,2667.0628262083696,zipf,1.6,NIG,8
89,341.3320918506416,325.32736508515137,268.25185815883674,620.5370789004879,494.0297419628752,2664.445946194337,zipf,1.6,NGG,8
90,419.6373906278652,2786.747213327257,886.7193777558289,659.9162760473247,1050.7327131221955,1483.3808691120216,zipf,1.9,DP,8
91,219.76721524383845,1461.3263030663322,461.2904290627901,330.86356015059175,501.4613136849783,3120.853735210038,zipf,1.9,NIG,8
92,224.83872713300948,1494.957573422844,472.0852761036185,339.19269888542266,515.3985428252192,3079.3044490663974,zipf,1.9,NGG,8
93,3414.7532325174266,4519.533422295431,258.9636327581921,291.4193958758334,1009.2620501831344,1250.6854462974889,zipf,2.2,DP,8
94,1733.115139496707,2293.257295398065,127.20900643619198,133.52361342193083,478.86138812811055,4320.756724903925,zipf,2.2,NIG,8
95,1781.6758119507022,2357.5454833495037,131.01368550458068,137.9869572068346,494.17777096121466,4229.3009851240295,zipf,2.2,NGG,8
96,515.0533507013934,535.0477152631663,560.4252937454296,338.50900631370354,1165.569139237083,2584.8553639688007,zipf,1.3,DP,2
97,303.551483311108,314.7209642342475,327.3232378272657,186.8562068824533,636.4678102044301,1837.5274001618277,zipf,1.3,NIG,2
98,236.94389799821,245.33418743198573,253.91317640436296,139.18142180664452,475.9159133014939,1685.5042663135391,zipf,1.3,NGG,2
99,399.2209351144089,408.53746150321774,798.3954956091676,892.3945438174648,1423.891605431704,2603.6576159005376,zipf,1.6,DP,2
100,236.6575125329679,241.56818736639676,470.57139406740697,516.6441271956836,797.5980765644421,2607.36341340021,zipf,1.6,NIG,2
101,240.7629582509788,245.78479142319603,478.85073484777183,526.1196446991437,812.9420461381378,2606.7967203672583,zipf,1.6,NGG,2
102,393.0601786692962,326.7501911869916,244.0338940555595,670.0516262065898,1007.8029684203738,5113.070764026113,zipf,1.9,DP,2
103,205.36267073077275,169.81521772390528,123.92352556903758,335.80743762801364,474.8230408250819,4295.157084397134,zipf,1.9,NIG,2
104,210.10848008785777,173.78321641336575,126.96043808272418,344.21048326451523,488.2990914945929,4304.829083563958,zipf,1.9,NGG,2
105,101.44082718073528,62.75654763370227,350.27846625949024,1130.0168831176316,366.1298732723596,2849.1700611007964,zipf,2.2,DP,2
106,51.010122076626985,30.58980096839216,173.4069454053089,556.6805063492909,160.03204956786294,4908.294900450576,zipf,2.2,NIG,2
107,52.47697004562219,31.525416025088017,178.55150228989848,573.3568010407407,166.02669456620632,4848.402359145189,zipf,2.2,NGG,2
108,512.8989238857524,406.83185911347994,627.5945053777996,733.5165085265264,843.1138802721181,2212.0943157519787,zipf,1.3,DP,4
109,303.28647314717495,239.855241418366,368.2392667941549,421.461765114235,456.4551740130575,1564.400750044171,zipf,1.3,NIG,4
110,236.13564181302863,186.36310079369437,285.1529815072339,321.60232824644885,337.078515292998,1487.2513414777522,zipf,1.3,NGG,4
111,710.9632235564183,1031.5011344134944,580.1591640072534,474.7696894341077,1371.1481934587157,3284.926445788831,zipf,1.6,DP,4
112,421.9709569077101,611.7725734662472,341.11081050709214,268.79511133455856,762.576698273984,2811.914309391925,zipf,1.6,NIG,4
113,432.1338878785417,626.5320204618091,349.5174350509399,276.0043376170038,783.9066427413302,2826.313842565396,zipf,1.6,NGG,4
114,1717.658384757899,552.5296126541904,790.3427002446416,625.4716217371109,1159.4493860894966,2584.0741167412825,zipf,1.9,DP,4
115,892.5319423004626,285.99872891079303,406.65438750097655,309.4154201934111,541.466045364668,3673.495457254418,zipf,1.9,NIG,4
116,912.8101647487985,292.54896445263785,416.0838719488032,317.16365784471367,556.6535402839456,3646.620861588011,zipf,1.9,NGG,4
117,64.67149965337255,61.831476354583245,316.25649829706236,362.480015034364,964.3909749412215,1640.3573616681886,zipf,2.2,DP,4
118,32.38467685085953,30.16834713888775,156.68733107219563,169.1365930430964,456.20212041417034,4471.976774476644,zipf,2.2,NIG,4
119,33.29911783121151,31.0651236070498,161.20671616634303,174.5591949860357,470.3300198119446,4390.464971884559,zipf,2.2,NGG,4
