ndata,model,mean_fn,error_J_50,error_J_100,error_J_500,error_J_1000,PY_THETA,PY_ALPHA,repnum
5000,NGG,geom,33.756629650933974,37.73214954983325,23.87928623707964,28.70022265850676,10.0,0.25,3
5000,NGG,avg,44.35379853792773,40.57604209445833,36.918782198874396,52.40562863624535,10.0,0.25,3
5000,DP,geom,135.47842730908056,136.47844649131687,138.4483172438279,138.78391804293878,10.0,0.25,3
5000,DP,avg,135.32361010191826,136.44010999464354,138.44831648039636,138.78391804293878,10.0,0.25,3
10000,NGG,geom,111.26736689623675,139.22828774689168,130.43369130320826,123.58909294451354,10.0,0.25,3
10000,NGG,avg,141.4566993938971,106.75725795483822,114.5740699944214,110.17387443460444,10.0,0.25,3
10000,DP,geom,168.0457381229006,170.75447322275573,172.0136608272557,171.5169236387587,10.0,0.25,3
10000,DP,avg,167.83643067384645,170.73203282831358,172.0136248555752,171.5169236387587,10.0,0.25,3
100000,NGG,geom,811.2555859285112,741.4211656843049,1010.3172508639398,1063.0058643746886,10.0,0.25,3
100000,NGG,avg,824.6797933324995,1010.443599387246,711.4329505651247,984.0125938326719,10.0,0.25,3
100000,DP,geom,330.2126767955719,332.7195200382535,332.5016649415505,333.68490044914495,10.0,0.25,3
100000,DP,avg,329.9457949320919,332.5799475636383,332.50164519599844,333.68490044914495,10.0,0.25,3
250000,NGG,geom,1586.156716858413,1597.8877106665477,2227.480930394839,1953.7459240217531,10.0,0.25,3
250000,NGG,avg,1549.1240543543377,1594.418681769048,1627.9814871362082,1687.640718138302,10.0,0.25,3
250000,DP,geom,429.530506282484,432.5128697731183,432.7121035373572,432.5865478854075,10.0,0.25,3
250000,DP,avg,429.27107272780745,432.23993076724383,432.71208499870977,432.5865478854075,10.0,0.25,3
5000,NGG,geom,819.3079336732869,891.4249519433993,1028.181776042278,1064.3075071362666,10.0,0.75,6
5000,NGG,avg,823.2669590163496,876.2941119734355,1041.9073165103507,1065.6454648405265,10.0,0.75,6
5000,DP,geom,1109.5918602277236,1076.4415125363032,1031.464322799986,1038.1837501025361,10.0,0.75,6
5000,DP,avg,1109.0458946427448,1076.090303717794,1031.4570649833777,1038.1837501025364,10.0,0.75,6
10000,NGG,geom,1337.6418590541261,1391.2671965919294,1486.4910011025913,1628.1350038712612,10.0,0.75,6
10000,NGG,avg,1334.926388611861,1365.1289718188186,1516.6737886644746,1620.3690812220693,10.0,0.75,6
10000,DP,geom,1961.3362379687444,1872.4556003909292,1594.6363980585525,1500.7547058806854,10.0,0.75,6
10000,DP,avg,1960.9548888301638,1872.371081332441,1594.598902257233,1500.7547058806854,10.0,0.75,6
100000,NGG,geom,7132.602171952583,7180.524460305755,7139.358653919284,7223.590044654125,10.0,0.75,6
100000,NGG,avg,6969.644387481798,7428.546196902427,7531.2110597764895,7086.090678804442,10.0,0.75,6
100000,DP,geom,11879.443374747245,11716.947977699441,10779.279481605055,9956.998510148565,10.0,0.75,6
100000,DP,avg,11879.219061357779,11716.856857689745,10779.265322745558,9956.998510148565,10.0,0.75,6
250000,NGG,geom,13813.650185336714,14330.375906669618,14683.655788630607,13367.371491477086,10.0,0.75,6
250000,NGG,avg,13967.235708362372,14776.116561317753,14039.710227329802,14281.745563853701,10.0,0.75,6
250000,DP,geom,23883.040108958106,23683.2850507783,22550.095101126517,21498.922481360765,10.0,0.75,6
250000,DP,avg,23882.76294522693,23683.142052928575,22550.09253168381,21498.922481360765,10.0,0.75,6
5000,NGG,geom,54.703019247154344,49.31277682208551,54.360317829294814,20.94256090004123,10.0,0.25,8
5000,NGG,avg,52.40372246113412,47.86425471618463,72.16138994874211,53.98945154000083,10.0,0.25,8
5000,DP,geom,128.45957738073727,129.71656473753262,130.65768630317447,130.537644741045,10.0,0.25,8
5000,DP,avg,128.3250610256512,129.6809747877927,130.65218402794963,130.537644741045,10.0,0.25,8
10000,NGG,geom,149.6315955404674,149.32474773830893,173.3016996088088,185.72205704673672,10.0,0.25,8
10000,NGG,avg,152.2325230765196,158.92724148702916,187.955349536619,87.87185117152166,10.0,0.25,8
10000,DP,geom,156.8066193634308,158.3858524168481,159.67527086230007,161.20295250874108,10.0,0.25,8
10000,DP,avg,156.71664720092696,158.32084869635804,159.67527086230007,161.20295250874108,10.0,0.25,8
100000,NGG,geom,909.6025542519553,914.7577407921362,1254.7471841462088,1192.4608370969388,10.0,0.25,8
100000,NGG,avg,974.8500239449359,930.0436695418555,1044.6902483345452,1146.3505388450697,10.0,0.25,8
100000,DP,geom,305.45669054259054,308.7468423973119,309.75689098764735,310.94324017815165,10.0,0.25,8
100000,DP,avg,305.11725982710004,308.64266790843254,309.74335024711286,310.94324017815165,10.0,0.25,8
250000,NGG,geom,1625.3872139377472,1821.6130045985633,1623.4655371195358,2878.6700527145113,10.0,0.25,8
250000,NGG,avg,1725.9158978533374,1586.7659365552354,2200.7155034542966,2438.0282101171124,10.0,0.25,8
250000,DP,geom,393.7224031948175,396.7943174547891,396.9161152375975,398.70393046980297,10.0,0.25,8
250000,DP,avg,393.4796885124456,396.6147916172686,396.9157040696134,398.70393046980297,10.0,0.25,8
5000,NGG,geom,2772.2779854787045,2787.440201580202,2769.8783454718687,2807.13388889757,1000.0,0.75,6
5000,NGG,avg,2772.5321424017457,2784.2195978852765,2815.087888960228,2762.319422214382,1000.0,0.75,6
5000,DP,geom,2282.6063478859787,2260.0476123083977,2082.725046594396,1936.7557955525128,1000.0,0.75,6
5000,DP,avg,2271.592829265369,2256.726150330356,2082.724993677781,1936.755795552513,1000.0,0.75,6
10000,NGG,geom,4720.873902002708,4703.404587084358,4677.647873514705,4684.564985615678,1000.0,0.75,6
10000,NGG,avg,4704.849519936486,4703.123639849682,4635.198734528654,4684.43433230767,1000.0,0.75,6
10000,DP,geom,3949.9783081589594,4100.5376918468055,3504.2771872034723,3169.8972251162554,1000.0,0.75,6
10000,DP,avg,3934.672565175659,4090.882406253253,3503.910953988913,3169.897225116254,1000.0,0.75,6
100000,NGG,geom,25096.43324986306,25144.71126515128,24891.83158204193,25309.074285200906,1000.0,0.75,6
100000,NGG,avg,24965.46835791083,24659.227824696674,25155.325761494805,24381.00400709191,1000.0,0.75,6
100000,DP,geom,33104.22308455745,33093.93199005331,31031.19199409274,29182.16474846705,1000.0,0.75,6
100000,DP,avg,33059.7382053275,33083.37186077892,31030.267339995822,29182.16474846705,1000.0,0.75,6
250000,NGG,geom,46178.49306802068,45357.1622280093,47176.09730800271,48334.01592103511,1000.0,0.75,6
250000,NGG,avg,46589.37533239122,47373.344716848995,46945.37160443824,45658.71890117374,1000.0,0.75,6
250000,DP,geom,71313.02820051654,71902.55854152123,69272.11897347827,66817.62857607155,1000.0,0.75,6
250000,DP,avg,71149.99087104268,71832.55430877095,69270.7579915962,66817.62857607155,1000.0,0.75,6
5000,NGG,geom,2697.255468557684,2694.174117090103,2679.619854998864,2742.819284800704,1000.0,0.75,5
5000,NGG,avg,2689.292253756216,2716.2318409858144,2702.6418480419907,2723.4620568732216,1000.0,0.75,5
5000,DP,geom,2174.22051617803,2237.408558805371,1995.3861882563156,1876.0103985049404,1000.0,0.75,5
5000,DP,avg,2163.7837981733433,2234.275293649477,1995.383012294974,1876.0103985049395,1000.0,0.75,5
10000,NGG,geom,4685.235188965403,4643.963749786675,4682.518145973081,4667.134568702722,1000.0,0.75,5
10000,NGG,avg,4691.139035445307,4718.7430069355105,4707.392247242098,4668.834580097131,1000.0,0.75,5
10000,DP,geom,4087.112433915588,3908.1909364231306,3529.963541979691,3203.616915048253,1000.0,0.75,5
10000,DP,avg,4063.247953267422,3902.9696172650915,3529.7972359129362,3203.6169150482506,1000.0,0.75,5
100000,NGG,geom,25304.407305350815,25611.880769881507,25919.44152810255,24980.870363989685,1000.0,0.75,5
100000,NGG,avg,25631.70881789617,25550.778110968284,25128.78921341944,26114.622743316417,1000.0,0.75,5
100000,DP,geom,33816.003930070845,33332.31268232229,31606.930636863937,29641.671133360578,1000.0,0.75,5
100000,DP,avg,33724.061024678405,33289.21097522589,31605.98645375584,29641.671133360578,1000.0,0.75,5
250000,NGG,geom,47676.4436181563,48310.516360045745,51001.953390152805,50427.08522146838,1000.0,0.75,5
250000,NGG,avg,49025.60949999869,48455.15413942661,49572.81453568619,50235.32577649194,1000.0,0.75,5
250000,DP,geom,73808.00249656186,73630.35154484464,70722.57991807777,68468.6562693327,1000.0,0.75,5
250000,DP,avg,73728.26277707622,73530.07894386351,70722.31195402182,68468.65626933271,1000.0,0.75,5
5000,NGG,geom,2704.3712271608115,2700.5443365418905,2716.6173730613464,2764.887075649817,1000.0,0.75,2
5000,NGG,avg,2689.223219812109,2697.582579752793,2706.0117942429233,2740.6957618989436,1000.0,0.75,2
5000,DP,geom,2311.331311566079,2200.1867145735923,2045.838188250857,1943.2793099518767,1000.0,0.75,2
5000,DP,avg,2300.3142016843185,2196.150816318758,2045.7307306887533,1943.2793099518765,1000.0,0.75,2
10000,NGG,geom,4643.870844992924,4656.094499160563,4593.1044863460875,4594.519525978208,1000.0,0.75,2
10000,NGG,avg,4616.387887641142,4658.563129411596,4643.42402868383,4653.1707587773235,1000.0,0.75,2
10000,DP,geom,4088.6481043509557,4096.174100362639,3645.7366128008894,3299.230475767347,1000.0,0.75,2
10000,DP,avg,4074.392137603737,4081.88236048471,3645.6368809711757,3299.230475767347,1000.0,0.75,2
100000,NGG,geom,24909.355640173624,25196.438910343193,25072.21441733165,25228.483784586075,1000.0,0.75,2
100000,NGG,avg,24748.89204434355,24655.84579687381,24871.754786563943,25346.307414982115,1000.0,0.75,2
100000,DP,geom,34212.0572258374,33684.51122247741,31429.93903305724,29832.774844035423,1000.0,0.75,2
100000,DP,avg,34155.27430923991,33656.168250246206,31428.930204188655,29832.77484403542,1000.0,0.75,2
250000,NGG,geom,47342.10119953251,46649.825701448055,46761.591857485204,48203.98555285332,1000.0,0.75,2
250000,NGG,avg,46792.2991029625,47356.537192821306,45922.78333542787,47813.72701051039,1000.0,0.75,2
250000,DP,geom,73817.21578083301,72543.87251006995,70038.88323083168,67804.46213134982,1000.0,0.75,2
250000,DP,avg,73757.79539548824,72499.32692698496,70038.87976287481,67804.46213134984,1000.0,0.75,2
5000,NGG,geom,922.9736433559272,990.9498736051129,1201.1633438260624,1298.8053264494495,10.0,0.75,8
5000,NGG,avg,922.639419902627,996.7900978373016,1208.6194011468783,1300.6345252295143,10.0,0.75,8
5000,DP,geom,1309.4074020644953,1264.1389909062182,1156.65210733865,1147.637281958434,10.0,0.75,8
5000,DP,avg,1308.351495747966,1263.9770726130625,1156.3793293260208,1147.637281958434,10.0,0.75,8
10000,NGG,geom,1585.873166996555,1638.2312638943,1802.9724203899034,1925.0526933828012,10.0,0.75,8
10000,NGG,avg,1589.889329231771,1664.4296721748476,1823.5641163678142,1898.6217872118623,10.0,0.75,8
10000,DP,geom,2308.96127363077,2221.911243255498,1872.5851166771004,1749.778681433986,10.0,0.75,8
10000,DP,avg,2308.1901102748825,2221.702342389833,1872.5850902798418,1749.7786814339863,10.0,0.75,8
100000,NGG,geom,8035.99215854352,8263.151029129374,8437.758919762327,8427.080890660542,10.0,0.75,8
100000,NGG,avg,8065.743744751134,8418.948519585152,8911.568333862195,8411.750364975138,10.0,0.75,8
100000,DP,geom,14025.844344993318,13833.611143817163,12816.448410547751,11885.769764640661,10.0,0.75,8
100000,DP,avg,14025.091557855116,13833.340326287731,12816.44573361268,11885.769764640661,10.0,0.75,8
250000,NGG,geom,16304.466233974234,16746.84911365132,16854.537784114567,17518.064725105654,10.0,0.75,8
250000,NGG,avg,16136.432843144481,16866.383764709426,16921.574188522845,16017.332268825718,10.0,0.75,8
250000,DP,geom,28398.96701849424,28195.756893784255,26922.84102309921,25727.33391886435,10.0,0.75,8
250000,DP,avg,28397.457166774766,28195.227236559225,26922.816864704862,25727.33391886435,10.0,0.75,8
5000,NGG,geom,2996.493048536805,2997.6686901874155,2937.625370939977,2934.9911755659195,1000.0,0.75,10
5000,NGG,avg,2995.5211030460414,2980.493482364419,2930.5708075070156,2964.5110424721597,1000.0,0.75,10
5000,DP,geom,2262.4386333065077,2273.2800898415244,2025.1532118969685,1933.1906363988264,1000.0,0.75,10
5000,DP,avg,2251.252973420374,2268.5733349734246,2025.0916520470735,1933.190636398827,1000.0,0.75,10
10000,NGG,geom,4862.483336769705,4842.062056758483,4840.93993075941,4731.229575069541,1000.0,0.75,10
10000,NGG,avg,4852.895506391654,4888.932807920268,4855.579828337068,4840.03662442441,1000.0,0.75,10
10000,DP,geom,3787.446136703434,3932.3570021419896,3440.3020163937663,3184.8772358785454,1000.0,0.75,10
10000,DP,avg,3748.098193846742,3929.466713391067,3440.300953298853,3184.8772358785454,1000.0,0.75,10
100000,NGG,geom,25590.800000821495,25354.21410817717,25952.379275862593,25735.239155748855,1000.0,0.75,10
100000,NGG,avg,25643.00075601693,25811.37539251717,26053.498769864444,25924.51208613935,1000.0,0.75,10
100000,DP,geom,32996.16790935517,32429.578905360067,31278.399447431242,29161.066640049597,1000.0,0.75,10
100000,DP,avg,32928.54276359436,32395.09400721961,31269.717842086324,29161.066640049597,1000.0,0.75,10
250000,NGG,geom,47973.732207748915,47787.77768519708,48061.7045008247,48808.726855371846,1000.0,0.75,10
250000,NGG,avg,47812.495259719915,48547.10746295408,48537.01340957001,50072.69384089996,1000.0,0.75,10
250000,DP,geom,72650.94600308318,72669.97673141093,69713.68747111886,67302.30947824013,1000.0,0.75,10
250000,DP,avg,72589.80140426713,72646.55251787636,69707.43871844636,67302.30947824013,1000.0,0.75,10
5000,NGG,geom,2845.1259747307536,2861.832128752988,2840.8030752297846,2907.0730460163027,1000.0,0.75,3
5000,NGG,avg,2851.4965265238525,2850.6359650819477,2863.562108936537,2821.968901594711,1000.0,0.75,3
5000,DP,geom,2263.3951243553865,2301.6283611806175,2060.028309846356,1959.3003668091912,1000.0,0.75,3
5000,DP,avg,2252.935761841445,2296.8546040755655,2060.026029399622,1959.300366809192,1000.0,0.75,3
10000,NGG,geom,4926.6885734901825,4918.846226516953,4928.593491076566,4885.286764152064,1000.0,0.75,3
10000,NGG,avg,4922.911576729956,4927.9870418632745,4937.343070022034,4843.268641040635,1000.0,0.75,3
10000,DP,geom,3964.1509133391346,3856.9014668735026,3538.1149899454012,3266.427161323419,1000.0,0.75,3
10000,DP,avg,3938.2082768496925,3848.1464680078716,3538.0629768336116,3266.427161323422,1000.0,0.75,3
100000,NGG,geom,26326.3151271156,26957.158716459315,26365.647481494027,27489.632262056024,1000.0,0.75,3
100000,NGG,avg,26400.85037306077,26422.356498667687,25956.148176492283,26730.133350122276,1000.0,0.75,3
100000,DP,geom,33914.876150523814,33632.99807086294,31788.39332379953,29922.047045587526,1000.0,0.75,3
100000,DP,avg,33845.29283192409,33609.64896651238,31788.264728072765,29922.047045587526,1000.0,0.75,3
250000,NGG,geom,48821.613826180146,49524.52010771276,49940.88747078478,50485.53673023982,1000.0,0.75,3
250000,NGG,avg,49648.09428618509,49563.84217003217,49295.86328137699,52537.05368693376,1000.0,0.75,3
250000,DP,geom,74439.01338256567,74295.61963148747,71641.0088024943,68753.58153201066,1000.0,0.75,3
250000,DP,avg,74368.19217327096,74275.93621876455,71630.68142134638,68753.58153201068,1000.0,0.75,3
5000,NGG,geom,775.9260016955851,835.6696712650728,1002.7165760213297,1062.7493377616947,10.0,0.75,4
5000,NGG,avg,765.4320804401589,815.3054341629556,1010.6297684606518,1076.1127180565256,10.0,0.75,4
5000,DP,geom,1082.0049291964078,1049.7104324094132,1018.1885051429241,1025.6516549482847,10.0,0.75,4
5000,DP,avg,1081.6051095263779,1049.4664059708257,1018.1703872949049,1025.6516549482844,10.0,0.75,4
10000,NGG,geom,1280.8144661694769,1326.0073932594798,1484.917599539059,1594.263892452619,10.0,0.75,4
10000,NGG,avg,1273.3445716495164,1351.2306922337198,1502.6550088822278,1622.0510979627293,10.0,0.75,4
10000,DP,geom,1923.263154419873,1846.2227627365987,1572.0286197356363,1484.590806168841,10.0,0.75,4
10000,DP,avg,1922.9647453861344,1846.1329125961572,1572.0280458675243,1484.5908061688413,10.0,0.75,4
100000,NGG,geom,6868.112802357921,7408.239869199622,7145.854229933435,6815.057943865083,10.0,0.75,4
100000,NGG,avg,6961.270919429946,6975.976823062829,7191.426222810566,7219.5477221087385,10.0,0.75,4
100000,DP,geom,11813.2694608075,11647.405124788482,10732.554390319681,9909.185903398102,10.0,0.75,4
100000,DP,avg,11812.745212991442,11647.243628589293,10732.552379517023,9909.185903398102,10.0,0.75,4
250000,NGG,geom,12941.387365894212,14003.857399785711,14944.133345225173,13549.060331424827,10.0,0.75,4
250000,NGG,avg,13953.865586167938,13982.489351124863,14829.907298573493,14129.259000210068,10.0,0.75,4
250000,DP,geom,23879.17004642309,23697.632583074585,22599.338203681342,21532.993630333887,10.0,0.75,4
250000,DP,avg,23878.672880443937,23697.30908086782,22599.33737869493,21532.993630333887,10.0,0.75,4
5000,NGG,geom,197.97254547504724,318.32661786063585,516.2363040474526,569.0033156532714,100.0,0.25,3
5000,NGG,avg,203.43271182610818,318.86517642252977,518.2633784295724,565.3207000268654,100.0,0.25,3
5000,DP,geom,595.8337127237548,621.0610541474667,625.0356763624848,630.3213204411088,100.0,0.25,3
5000,DP,avg,594.7901301845251,620.6189733439929,625.0169617945537,630.3213204411088,100.0,0.25,3
10000,NGG,geom,134.62386106394683,253.07532190229563,544.4871687030052,583.1889447323701,100.0,0.25,3
10000,NGG,avg,129.11900545648018,271.90684297234895,573.5757611452186,608.1563854341314,100.0,0.25,3
10000,DP,geom,778.424515812028,798.9588805849226,812.6251108792234,817.2295106144674,100.0,0.25,3
10000,DP,avg,776.0430028716722,798.3691214048008,812.6181237628177,817.2295106144674,100.0,0.25,3
100000,NGG,geom,850.4678499787292,888.7795894030478,567.8641918302992,384.0618516396762,100.0,0.25,3
100000,NGG,avg,943.7663971305387,830.9807587430114,821.2220987351311,718.348416636215,100.0,0.25,3
100000,DP,geom,1627.621634523019,1586.303549848651,1363.5049399840668,1287.7316404361482,100.0,0.25,3
100000,DP,avg,1626.4483602523756,1585.5308439841056,1363.4645648655635,1287.731640436148,100.0,0.25,3
250000,NGG,geom,1887.4235677288143,2406.217648219059,2639.259685778573,3396.4906773467937,100.0,0.25,3
250000,NGG,avg,1797.777903609107,1999.2209675330978,2651.6385522729433,1612.5146291682986,100.0,0.25,3
250000,DP,geom,2233.719215295155,2173.467989216034,1788.9398078695394,1624.0385363677756,100.0,0.25,3
250000,DP,avg,2232.1150666217545,2173.112160502341,1788.9395494780197,1624.038536367776,100.0,0.25,3
5000,NGG,geom,227.28221884841457,330.9797919297676,487.44146312195016,520.8264956112245,100.0,0.25,7
5000,NGG,avg,237.08745834654053,329.609399225125,489.98275123052167,534.940484532938,100.0,0.25,7
5000,DP,geom,578.1079848069479,592.548439637904,598.7120147389912,601.9236610636378,100.0,0.25,7
5000,DP,avg,576.6815698852448,592.4599621699207,598.7014714535064,601.9236610636377,100.0,0.25,7
10000,NGG,geom,132.53961471605123,268.64136292179273,482.89896936756793,483.18027087205746,100.0,0.25,7
10000,NGG,avg,138.02677787074424,286.8751560187743,507.23061139111866,542.0264747665371,100.0,0.25,7
10000,DP,geom,747.1826135380126,765.6983170966703,781.4377219274944,782.7813072539416,100.0,0.25,7
10000,DP,avg,745.9309835692864,765.2674558223471,781.3628300107958,782.7813072539415,100.0,0.25,7
100000,NGG,geom,658.1547825339917,893.035982527957,626.4130704854833,918.3631452949671,100.0,0.25,7
100000,NGG,avg,757.4288470071124,779.0199329800007,907.2943122236802,1268.823995638877,100.0,0.25,7
100000,DP,geom,1677.1148484313703,1621.2255963104362,1366.6321328831111,1300.710008623119,100.0,0.25,7
100000,DP,avg,1675.3956765948087,1620.9262000714293,1366.6256249090459,1300.710008623119,100.0,0.25,7
250000,NGG,geom,1567.0196299162203,1760.932651883425,1972.6506586795822,2585.0514206209964,100.0,0.25,7
250000,NGG,avg,1840.4105291650822,1918.5929991387702,2659.4975132084537,3369.4275390138573,100.0,0.25,7
250000,DP,geom,2190.631513538587,2136.27860599101,1737.6833046859635,1571.1237509864686,100.0,0.25,7
250000,DP,avg,2189.0046442925263,2136.0468511028757,1737.6647682981063,1571.123750986469,100.0,0.25,7
5000,NGG,geom,845.2597170264683,905.2790125741537,1117.380078668723,1191.1089767688732,10.0,0.75,10
5000,NGG,avg,856.5927381034555,902.9976102788892,1112.8525136095454,1179.868789987747,10.0,0.75,10
5000,DP,geom,1205.6632220696026,1157.6862649518382,1088.4426246056569,1100.676976680935,10.0,0.75,10
5000,DP,avg,1205.4160967956625,1157.3982653149653,1088.442549335308,1100.676976680935,10.0,0.75,10
10000,NGG,geom,1481.1969729065718,1540.0849492532998,1629.2942867038491,1745.1379482841871,10.0,0.75,10
10000,NGG,avg,1478.636870435405,1528.3087751863618,1652.62431773224,1738.323806873981,10.0,0.75,10
10000,DP,geom,2142.281661676096,2056.5570630589204,1716.5758828479557,1604.4253480075627,10.0,0.75,10
10000,DP,avg,2141.958287347591,2056.4987640079944,1716.5275905642773,1604.4253480075627,10.0,0.75,10
100000,NGG,geom,7695.51002268283,8116.667846477556,7844.619650260281,8176.2092342916085,10.0,0.75,10
100000,NGG,avg,7760.782943208194,8169.9560032803565,8446.729550416101,7631.348080394995,10.0,0.75,10
100000,DP,geom,13093.609952718984,12926.771396236183,11945.67093064962,11073.708254087178,10.0,0.75,10
100000,DP,avg,13093.142308397428,12926.546938718535,11945.667830382132,11073.70825408718,10.0,0.75,10
250000,NGG,geom,15044.746710824335,15272.51800268086,16803.067297372094,15906.494463355,10.0,0.75,10
250000,NGG,avg,15312.789602024823,15800.993037607479,16791.468321766333,15879.021660106791,10.0,0.75,10
250000,DP,geom,26350.93092893264,26144.435838614834,24944.526051864756,23843.47061593969,10.0,0.75,10
250000,DP,avg,26350.567605236065,26143.90331533005,24944.515230735757,23843.47061593969,10.0,0.75,10
5000,NGG,geom,1782.17931696394,1798.401794342774,1870.8929713134767,1983.6621838775136,100.0,0.75,7
5000,NGG,avg,1781.260793678502,1797.1708723473175,1899.3745362306126,1987.9298542883744,100.0,0.75,7
5000,DP,geom,1978.8860858090206,1925.5241043524854,1663.2129326537965,1565.443175749066,100.0,0.75,7
5000,DP,avg,1975.7655195688442,1924.3940710579714,1663.2041559621448,1565.4431757490665,100.0,0.75,7
10000,NGG,geom,2780.0090904355648,2813.230084117875,3003.2741052920273,2998.75817676273,100.0,0.75,7
10000,NGG,avg,2800.8459992892367,2804.0631355005135,2920.754600447288,3029.0456245387477,100.0,0.75,7
10000,DP,geom,3549.4190853331475,3499.8348558469693,2937.787693785623,2635.337903095815,100.0,0.75,7
10000,DP,avg,3545.7675710018702,3498.7662116648453,2937.6803748878992,2635.337903095815,100.0,0.75,7
100000,NGG,geom,13684.590849737271,13882.997823615337,14821.785786921131,14984.523461173998,100.0,0.75,7
100000,NGG,avg,13670.23157149755,13521.70044932728,14146.913974820458,15212.238544082073,100.0,0.75,7
100000,DP,geom,23715.307915223766,23443.208750729973,21876.474342718626,20568.14421229886,100.0,0.75,7
100000,DP,avg,23711.260614395276,23440.345565876836,21876.448010926666,20568.14421229886,100.0,0.75,7
250000,NGG,geom,28092.749645053227,28089.06751472892,30970.44122884652,29131.986568826058,100.0,0.75,7
250000,NGG,avg,27958.063605136747,28420.580116093235,30303.57709904241,29439.140820133256,100.0,0.75,7
250000,DP,geom,48660.46723603688,48297.11707431162,46458.72612421696,44644.907530291086,100.0,0.75,7
250000,DP,avg,48650.919774978036,48295.167955590645,46456.432353789874,44644.907530291086,100.0,0.75,7
5000,NGG,geom,2946.1073659839994,2931.2791993493984,2911.8615054119664,2871.624548559951,1000.0,0.75,9
5000,NGG,avg,2943.0695797882563,2937.052526588097,2913.2182812603933,2898.9635581471684,1000.0,0.75,9
5000,DP,geom,2314.486035801545,2314.4818088498587,2069.4684831959585,1937.0600363534054,1000.0,0.75,9
5000,DP,avg,2304.8475306399273,2310.089224697924,2069.130039059729,1937.060036353405,1000.0,0.75,9
10000,NGG,geom,4745.5072971012205,4715.248189022962,4753.0078497846425,4721.640109662482,1000.0,0.75,9
10000,NGG,avg,4769.7944689785345,4761.9186112641355,4735.714868269282,4669.811235380674,1000.0,0.75,9
10000,DP,geom,4031.2825974625734,3954.4215838400787,3482.36868124425,3262.364764978935,1000.0,0.75,9
10000,DP,avg,4014.7378806659167,3947.681947572825,3481.898566256157,3262.3647649789355,1000.0,0.75,9
100000,NGG,geom,24956.756510576255,25248.987229608167,25432.870385035247,26206.628888639167,1000.0,0.75,9
100000,NGG,avg,25098.350674712667,25533.645389162233,25354.003508610942,25934.884880294485,1000.0,0.75,9
100000,DP,geom,33284.887801333745,33138.85260799035,31166.60918585588,29452.157543252142,1000.0,0.75,9
100000,DP,avg,33187.74818658888,33112.82766375625,31159.087452371492,29452.15754325215,1000.0,0.75,9
250000,NGG,geom,47334.101775908166,47504.023655908204,49918.9472511597,47566.07956811878,1000.0,0.75,9
250000,NGG,avg,47934.44173252103,47680.314931821325,46819.85326214331,47604.155497660686,1000.0,0.75,9
250000,DP,geom,72569.01336793673,72514.68658880747,69951.42907838424,67591.26383537125,1000.0,0.75,9
250000,DP,avg,72491.05103210165,72491.802931922,69950.04238342124,67591.26383537124,1000.0,0.75,9
5000,NGG,geom,2912.3856225835507,2903.001574005366,2863.705658584083,2861.4097975359687,1000.0,0.75,8
5000,NGG,avg,2916.8811790492427,2908.7064196474166,2908.8795808130585,2852.329576981913,1000.0,0.75,8
5000,DP,geom,2251.1365118561926,2254.3090688354596,2008.7415085676746,1859.1164684541939,1000.0,0.75,8
5000,DP,avg,2238.4339455902705,2251.5338437143205,2008.7410486924705,1859.1164684541948,1000.0,0.75,8
10000,NGG,geom,4741.4093847931035,4709.282794710632,4715.249465973305,4707.135859722569,1000.0,0.75,8
10000,NGG,avg,4728.839780922066,4731.402726709266,4697.305711337547,4695.64324515959,1000.0,0.75,8
10000,DP,geom,4164.247702360724,3953.9083299548643,3527.4855323600377,3145.067680334824,1000.0,0.75,8
10000,DP,avg,4144.952811353876,3943.36349616769,3527.4310284657013,3145.0676803348256,1000.0,0.75,8
100000,NGG,geom,25440.18953941926,25351.693993871602,25525.93668424915,24892.32702900834,1000.0,0.75,8
100000,NGG,avg,25149.479878401886,25036.03246672908,25618.38863072568,26092.802852408156,1000.0,0.75,8
100000,DP,geom,33512.58824735949,33870.55479586033,31578.558751453384,29685.291504042798,1000.0,0.75,8
100000,DP,avg,33438.385004885284,33861.123549055184,31574.630833292802,29685.29150404281,1000.0,0.75,8
250000,NGG,geom,47466.27039547211,48918.44881994374,47346.44552056453,47718.0128148718,1000.0,0.75,8
250000,NGG,avg,46994.41404137539,47899.24702776746,46455.367471400656,47201.94544969373,1000.0,0.75,8
250000,DP,geom,73806.41830606927,73539.40145153459,70965.16112342491,68153.50126911218,1000.0,0.75,8
250000,DP,avg,73722.43103830196,73497.96373641524,70959.54348263031,68153.50126911218,1000.0,0.75,8
5000,NGG,geom,3016.8761648372206,3002.0097172580827,2947.961345455752,2954.6497244928996,1000.0,0.75,1
5000,NGG,avg,2999.836283484791,2986.0137279578994,2977.6985103462375,2980.6724447312963,1000.0,0.75,1
5000,DP,geom,2340.590974575298,2268.38008611009,2044.3033024592462,1896.3334945696351,1000.0,0.75,1
5000,DP,avg,2335.5800923297033,2261.711341969928,2044.207605605444,1896.3334945696356,1000.0,0.75,1
10000,NGG,geom,4816.05340690372,4819.30605575418,4826.841887709496,4871.337657997755,1000.0,0.75,1
10000,NGG,avg,4856.365142177621,4838.312302514911,4796.849742889358,4752.997300376401,1000.0,0.75,1
10000,DP,geom,4059.778064205966,3979.325388311391,3486.8631989440078,3304.057801206137,1000.0,0.75,1
10000,DP,avg,4043.414240632038,3967.783290424908,3484.507717098093,3304.057801206135,1000.0,0.75,1
100000,NGG,geom,25556.53974992101,25236.913416647287,26162.482893177723,24186.903504928996,1000.0,0.75,1
100000,NGG,avg,25628.347663992634,25072.377834227293,25256.958256318943,26688.485615743448,1000.0,0.75,1
100000,DP,geom,33302.98461975957,32716.978582500793,31075.153742401533,29144.301747160793,1000.0,0.75,1
100000,DP,avg,33197.192990168434,32685.80130302237,31072.552359538655,29144.301747160796,1000.0,0.75,1
250000,NGG,geom,48189.62184745738,48275.2323532426,46020.4071266977,45381.40020893713,1000.0,0.75,1
250000,NGG,avg,47394.093317459716,47333.024701415,47079.657709441526,49989.736063792436,1000.0,0.75,1
250000,DP,geom,73653.47863372695,72718.83186775447,69736.42772423233,67182.58030131842,1000.0,0.75,1
250000,DP,avg,73586.94821883916,72663.30871127955,69730.75883638408,67182.58030131843,1000.0,0.75,1
5000,NGG,geom,2903.050219472772,2887.8327884909386,2856.9810258234907,2838.8066736470605,1000.0,0.75,4
5000,NGG,avg,2893.589989306597,2884.0625013551185,2835.8725838648047,2819.8163211543215,1000.0,0.75,4
5000,DP,geom,2242.111098904525,2192.392440157326,1998.7071086394114,1877.458648397787,1000.0,0.75,4
5000,DP,avg,2224.583551988495,2188.888538850644,1998.5296488746726,1877.4586483977873,1000.0,0.75,4
10000,NGG,geom,4653.426091322888,4658.069374769611,4618.1240088126015,4631.490286265414,1000.0,0.75,4
10000,NGG,avg,4662.7233981743975,4660.163838001849,4548.041260288225,4615.275432186294,1000.0,0.75,4
10000,DP,geom,3974.726382729453,4004.065804926448,3529.7100856311845,3177.762817555815,1000.0,0.75,4
10000,DP,avg,3961.1595224989605,3997.11108598621,3529.679212317753,3177.7628175558157,1000.0,0.75,4
100000,NGG,geom,25398.620732778843,25670.255377528472,26021.64988642043,25423.94519148094,1000.0,0.75,4
100000,NGG,avg,25354.717629288178,25258.224156686083,25508.99606682731,24505.326905492453,1000.0,0.75,4
100000,DP,geom,33632.66247024316,33795.92780934902,31243.638861562882,29712.697513493382,1000.0,0.75,4
100000,DP,avg,33522.23670527018,33780.62004595702,31243.619392016008,29712.697513493382,1000.0,0.75,4
250000,NGG,geom,47193.585169917445,47857.006250544124,47824.88090403237,51814.692281049494,1000.0,0.75,4
250000,NGG,avg,47738.288838760716,48359.24964939848,49626.57749489839,51952.13225418335,1000.0,0.75,4
250000,DP,geom,73241.68292764136,73357.44891875835,70927.02500330319,68140.07971089377,1000.0,0.75,4
250000,DP,avg,73056.64091016079,73333.19015867353,70927.02457886747,68140.07971089375,1000.0,0.75,4
5000,NGG,geom,2843.769823483475,2829.961620956863,2834.5455322375637,2843.0264733773565,1000.0,0.75,7
5000,NGG,avg,2827.7006859139465,2857.125328161721,2831.23356122085,2837.5913581655072,1000.0,0.75,7
5000,DP,geom,2247.167929741164,2211.5112930879923,2109.13984406332,1856.193413047659,1000.0,0.75,7
5000,DP,avg,2241.827511503426,2206.25291955617,2109.076134069235,1856.1934130476589,1000.0,0.75,7
10000,NGG,geom,4877.249320471458,4895.783736968058,4806.010161768041,4806.129840129399,1000.0,0.75,7
10000,NGG,avg,4840.0214170838635,4869.826541911795,4851.273515516394,4738.160964859406,1000.0,0.75,7
10000,DP,geom,3924.9921539195325,3848.711493852219,3504.015017450276,3233.4443657298903,1000.0,0.75,7
10000,DP,avg,3904.5005934245264,3839.3378674384157,3503.6789385477823,3233.4443657298934,1000.0,0.75,7
100000,NGG,geom,25546.96931569821,25408.162570490356,25055.087803093465,25676.258144301653,1000.0,0.75,7
100000,NGG,avg,25386.761255465062,25442.556529981815,24983.71464947293,26414.16953702961,1000.0,0.75,7
100000,DP,geom,33175.50984699102,33084.68010940474,31168.348518793166,29281.20193543435,1000.0,0.75,7
100000,DP,avg,33084.96495476202,33067.51774948611,31168.008148683497,29281.201935434347,1000.0,0.75,7
250000,NGG,geom,47209.01669082195,47523.154875630906,48274.32064641324,46618.75391064398,1000.0,0.75,7
250000,NGG,avg,47608.83778159782,47655.87577882004,50444.852686599195,47506.599200292345,1000.0,0.75,7
250000,DP,geom,73196.01137142406,72946.0039682255,70464.16759297437,67443.84080737903,1000.0,0.75,7
250000,DP,avg,73099.57622386824,72928.5123417997,70456.10468607754,67443.84080737902,1000.0,0.75,7
5000,NGG,geom,197.31152376740448,288.8949541122561,463.07499721763327,487.46809794631156,100.0,0.25,2
5000,NGG,avg,199.99359748917925,274.6020336529617,447.5210131063073,504.040546391671,100.0,0.25,2
5000,DP,geom,545.0116796971616,551.8887117737648,562.1260438494879,562.1907474828693,100.0,0.25,2
5000,DP,avg,544.5171523051663,551.692358160926,562.1033067063504,562.1907474828693,100.0,0.25,2
10000,NGG,geom,165.41520472929676,256.8516355363365,435.23870931532406,520.7863087649735,100.0,0.25,2
10000,NGG,avg,159.25347971943188,259.610716851962,477.4645459070066,498.95243222996424,100.0,0.25,2
10000,DP,geom,717.916887551298,730.4484003868198,743.5912758728841,748.7279527329097,100.0,0.25,2
10000,DP,avg,717.1095042680405,730.0237065529554,743.5701826053914,748.7279527329097,100.0,0.25,2
100000,NGG,geom,763.5993295112598,829.6483839310763,917.427855135641,762.9172974577109,100.0,0.25,2
100000,NGG,avg,663.3891258460799,860.4797002810756,718.9979226816449,1552.1245612036323,100.0,0.25,2
100000,DP,geom,1541.367599891792,1496.434235553931,1285.8562670893625,1233.2814932140045,100.0,0.25,2
100000,DP,avg,1540.9417113082973,1496.1673280159146,1285.8378914668074,1233.2814932140045,100.0,0.25,2
250000,NGG,geom,1834.4550037256258,1767.5824856824188,2666.679557943913,3147.431497624474,100.0,0.25,2
250000,NGG,avg,1839.898387786303,1773.8325137599036,2876.1775310239154,2518.4787105022015,100.0,0.25,2
250000,DP,geom,2036.3578368745625,1982.425368000789,1634.3417465920177,1486.4477146258916,100.0,0.25,2
250000,DP,avg,2035.0243042212821,1981.8923599200243,1634.3310101517347,1486.4477146258914,100.0,0.25,2
5000,NGG,geom,230.3198386618589,327.86991576552816,477.3255342909371,532.5333414775266,100.0,0.25,10
5000,NGG,avg,229.59497962844978,313.5590439906422,483.96504195413837,528.1119318541242,100.0,0.25,10
5000,DP,geom,574.8870054874959,585.5275244648724,598.648408614092,596.2129845762482,100.0,0.25,10
5000,DP,avg,573.8823064667921,585.0841678599663,598.6414912330742,596.2129845762482,100.0,0.25,10
10000,NGG,geom,180.6120927705913,294.3975521643737,497.78843867815647,593.9030384820514,100.0,0.25,10
10000,NGG,avg,188.0978764886329,286.12706336181714,495.1623486979752,571.6316784858939,100.0,0.25,10
10000,DP,geom,751.3441056924025,768.3352028048906,780.2253720029121,786.0144819390335,100.0,0.25,10
10000,DP,avg,749.6908376245106,767.97824049134,780.2059204368256,786.0144819390335,100.0,0.25,10
100000,NGG,geom,848.0581460597909,681.9567513940237,771.8834286060901,813.1479028695521,100.0,0.25,10
100000,NGG,avg,733.0999964845414,774.0888111773206,902.2952351843614,1068.9459317274336,100.0,0.25,10
100000,DP,geom,1662.8163336231476,1597.1583410777953,1354.5477819228927,1271.5935725388433,100.0,0.25,10
100000,DP,avg,1662.0068206998344,1597.046261843716,1354.521445776826,1271.5935725388433,100.0,0.25,10
250000,NGG,geom,1803.0115299900563,2044.9492906123205,2945.5991324338975,2349.218914654374,100.0,0.25,10
250000,NGG,avg,1484.9395786102896,2037.6654112156903,2790.298149803033,2817.1158750727654,100.0,0.25,10
250000,DP,geom,2227.4245533628223,2165.1232257722327,1773.605951139642,1604.825236740348,100.0,0.25,10
250000,DP,avg,2226.6629119489303,2164.922117767005,1773.5913031851874,1604.8252367403481,100.0,0.25,10
5000,NGG,geom,1546.1439004383983,1550.6488599580382,1661.179336609021,1740.831276657773,1000.0,0.25,10
5000,NGG,avg,1529.873253572885,1544.9649813642977,1661.1318870811494,1731.5883736487376,1000.0,0.25,10
5000,DP,geom,1624.761757847642,1630.8120416247252,1437.0545271529945,1400.8273090334014,1000.0,0.25,10
5000,DP,avg,1620.9468261409634,1629.0299009586058,1436.6014236142005,1400.8273090334014,1000.0,0.25,10
10000,NGG,geom,1768.1157495431833,1811.567591194112,1904.8434420759174,2119.0123845062017,1000.0,0.25,10
10000,NGG,avg,1732.1140034266457,1793.1549936380238,1976.795378597425,2103.299979884672,1000.0,0.25,10
10000,DP,geom,2421.702737335177,2313.4365329947277,2038.8070783056423,1828.7448301552497,1000.0,0.25,10
10000,DP,avg,2411.5232960936437,2312.558524065669,2038.740652983889,1828.7448301552495,1000.0,0.25,10
100000,NGG,geom,100.51880655880996,60.31291311510904,556.9653533630735,236.62531612260682,1000.0,0.25,10
100000,NGG,avg,277.4423892963714,50.41573297528885,308.03341995679875,901.6097092147957,1000.0,0.25,10
100000,DP,geom,6926.553117149441,6756.892020818036,5793.083807313255,4962.20025265072,1000.0,0.25,10
100000,DP,avg,6908.598842735326,6751.08514869118,5792.8879004933815,4962.200252650719,1000.0,0.25,10
250000,NGG,geom,2103.5116570227074,2864.726564382845,3059.3754042988057,2142.2508661023876,1000.0,0.25,10
250000,NGG,avg,2283.813670246451,2509.8400055208804,1582.8302771125782,1914.980191791894,1000.0,0.25,10
250000,DP,geom,9673.817690105378,9733.030068324762,8462.359848193828,7406.14136028653,1000.0,0.25,10
250000,DP,avg,9634.635800622505,9721.545248651139,8461.872380829918,7406.14136028653,1000.0,0.25,10
5000,NGG,geom,39.46189102911498,37.92246042555033,38.84475041778569,26.572076677668804,10.0,0.25,10
5000,NGG,avg,42.483559015595176,37.3811593962202,24.900069461752082,9.270272109136272,10.0,0.25,10
5000,DP,geom,137.7485046571674,140.21426259409012,140.9814465950242,142.26910038262182,10.0,0.25,10
5000,DP,avg,137.57310842136437,140.153291402606,140.96113298120406,142.26910038262182,10.0,0.25,10
10000,NGG,geom,137.69472742176185,117.60303451172041,206.995771965416,129.71433281279258,10.0,0.25,10
10000,NGG,avg,123.53814168466067,133.72148754563375,99.95438934398794,107.66720961283505,10.0,0.25,10
10000,DP,geom,179.19099571699172,180.96652954094637,181.75671781702616,181.45970057593988,10.0,0.25,10
10000,DP,avg,178.94395511045366,180.86855056700327,181.7561718705672,181.45970057593988,10.0,0.25,10
100000,NGG,geom,896.01686767926,925.0312532923215,905.8339177665393,1415.2591472909735,10.0,0.25,10
100000,NGG,avg,906.6454624363207,873.1254685471238,1363.2849496038682,1072.139618493282,10.0,0.25,10
100000,DP,geom,341.08814925867284,342.64560744326604,344.2945886281524,343.71409512791195,10.0,0.25,10
100000,DP,avg,340.92038614927014,342.5009901429892,344.28578684301317,343.71409512791195,10.0,0.25,10
250000,NGG,geom,1593.5010317395354,1799.6568568833918,2239.213430498345,1474.8359340967734,10.0,0.25,10
250000,NGG,avg,1762.1546909628996,1605.8775629687616,1459.8849355437226,1017.457159148666,10.0,0.25,10
250000,DP,geom,440.5311966721449,444.37802863058994,445.86420335244367,445.2363936529307,10.0,0.25,10
250000,DP,avg,440.13359937244115,444.27453167399074,445.86134115641545,445.23639365293064,10.0,0.25,10
5000,NGG,geom,819.5700923877789,887.7276678782341,1069.5263292313693,1117.691180564894,10.0,0.75,3
5000,NGG,avg,833.0071249280263,886.5628291209921,1058.5961452812885,1122.4142177071458,10.0,0.75,3
5000,DP,geom,1140.7155777581995,1108.3498595364179,1046.4003374026697,1059.8334308059957,10.0,0.75,3
5000,DP,avg,1140.377463446354,1107.8709570861206,1046.4001560862453,1059.833430805996,10.0,0.75,3
10000,NGG,geom,1278.4160032534924,1350.8792822781356,1515.6784661151928,1637.5267027597845,10.0,0.75,3
10000,NGG,avg,1263.779365135484,1334.3438603559237,1493.076419095183,1615.1971586405766,10.0,0.75,3
10000,DP,geom,1939.25696344006,1864.385671260217,1582.8732746896835,1498.0142167441484,10.0,0.75,3
10000,DP,avg,1938.9918586862138,1864.2236218217574,1582.8687371002882,1498.0142167441481,10.0,0.75,3
100000,NGG,geom,7198.679728262049,7216.5613564705545,7318.341880454211,6830.20393305634,10.0,0.75,3
100000,NGG,avg,7097.137825126049,7380.201504749429,7038.693057336801,7305.474810215759,10.0,0.75,3
100000,DP,geom,12075.726853796534,11906.841259897516,10972.73246644596,10159.860765776908,10.0,0.75,3
100000,DP,avg,12075.245714499313,11906.760181191741,10972.731770480781,10159.860765776908,10.0,0.75,3
250000,NGG,geom,14192.474288234294,14690.473192470872,14893.210964012604,14270.405620342239,10.0,0.75,3
250000,NGG,avg,14012.527531294078,14349.321545909763,14971.562305733818,14530.956397875194,10.0,0.75,3
250000,DP,geom,24349.501356845947,24174.682588578555,23044.538027845327,21949.351093442936,10.0,0.75,3
250000,DP,avg,24348.94284934894,24174.579434027197,23044.45180639313,21949.351093442936,10.0,0.75,3
5000,NGG,geom,216.01199037854383,314.34688374764426,506.51287299572436,528.3678418256907,100.0,0.25,4
5000,NGG,avg,208.15865431341234,303.5498144784927,509.1201096189211,543.3694720097137,100.0,0.25,4
5000,DP,geom,585.3560649472071,598.4154251340988,609.6567901182569,607.2405145225737,100.0,0.25,4
5000,DP,avg,583.8970017057859,598.0108342992115,609.6232423706459,607.2405145225737,100.0,0.25,4
10000,NGG,geom,117.98676185141915,239.10993434347643,538.3009272173463,469.48616620289516,100.0,0.25,4
10000,NGG,avg,130.19697185456732,219.49431850715303,516.0776457799932,547.2224205372706,100.0,0.25,4
10000,DP,geom,724.0640901854808,749.0476628106151,762.6983690906369,763.3051602306854,100.0,0.25,4
10000,DP,avg,722.9740409493118,748.7237690856065,762.6676166132172,763.3051602306854,100.0,0.25,4
100000,NGG,geom,648.3440409922728,736.6297322540113,655.851083420946,1383.503303841056,100.0,0.25,4
100000,NGG,avg,909.5182933281922,934.3813808699233,1249.3484413502506,1004.9542553503479,100.0,0.25,4
100000,DP,geom,1554.6563774934848,1506.671313662393,1284.207261670614,1225.9537063365262,100.0,0.25,4
100000,DP,avg,1553.584511374065,1506.2831855484542,1284.2072597777294,1225.953706336526,100.0,0.25,4
250000,NGG,geom,1687.1863981363786,1899.1721112049363,2495.877834235942,2774.296921012675,100.0,0.25,4
250000,NGG,avg,1962.0853561584208,1972.3421595788477,2218.2319570038,2429.457068512198,100.0,0.25,4
250000,DP,geom,2098.862737342108,2034.7352094658834,1672.050365794149,1500.510517568008,100.0,0.25,4
250000,DP,avg,2097.5413975096835,2034.1946601962256,1672.0260716482283,1500.5105175680083,100.0,0.25,4
5000,NGG,geom,79.3313516633809,70.27996624044883,78.4309615135484,65.03442547804437,10.0,0.25,1
5000,NGG,avg,76.95358072984808,72.51037241833376,77.05871908166722,60.94167803889269,10.0,0.25,1
5000,DP,geom,94.4732107635756,95.34751467459954,95.30002358102072,95.56459747558051,10.0,0.25,1
5000,DP,avg,94.31707110715374,95.30884237210844,95.30002358102074,95.56459747558051,10.0,0.25,1
10000,NGG,geom,148.3996425597985,163.629654599013,171.45403633604127,146.10143014226946,10.0,0.25,1
10000,NGG,avg,181.14439921553787,144.1821745507135,183.47113927163264,163.7205848019558,10.0,0.25,1
10000,DP,geom,111.6771934504922,112.51530728204229,113.00835987389686,113.32978300586063,10.0,0.25,1
10000,DP,avg,111.56946698058599,112.43899875285273,113.00835987389688,113.32978300586063,10.0,0.25,1
100000,NGG,geom,836.8947911754187,870.717403998188,1001.0677723338315,819.3267842117637,10.0,0.25,1
100000,NGG,avg,827.4412621944509,1064.5006281753833,482.3675466214554,976.3240554151255,10.0,0.25,1
100000,DP,geom,257.4885092887379,257.5934307973147,259.8403426640993,259.02605026271243,10.0,0.25,1
100000,DP,avg,257.1244447963169,257.444369302911,259.74653749635223,259.02605026271243,10.0,0.25,1
250000,NGG,geom,1435.6036664714475,1758.6407011931806,1565.6195553496332,1010.3511707020373,10.0,0.25,1
250000,NGG,avg,1562.697173097283,1852.2737929678615,1829.7533652933362,1798.7391229780578,10.0,0.25,1
250000,DP,geom,340.3158568138432,340.0173264001344,341.53410784531013,343.7462233197402,10.0,0.25,1
250000,DP,avg,340.1268185033373,339.9352845601883,341.5226760623818,343.7462233197402,10.0,0.25,1
5000,NGG,geom,257.6903385072984,333.72175042955337,495.09608062251914,516.2096939536067,100.0,0.25,8
5000,NGG,avg,252.99201311791495,330.3814952049662,480.37955225130264,512.237906628727,100.0,0.25,8
5000,DP,geom,580.981619033636,589.6749242868066,597.7204736480979,599.4011817058673,100.0,0.25,8
5000,DP,avg,580.2795986353616,589.4398842686111,597.6986676692042,599.4011817058674,100.0,0.25,8
10000,NGG,geom,168.8101708109799,321.3192599145773,479.4856388553414,522.3204365232417,100.0,0.25,8
10000,NGG,avg,164.07453928629593,305.3748589204722,541.2057587107092,553.0016140333674,100.0,0.25,8
10000,DP,geom,744.495994251453,774.4481099127752,780.8024113141249,787.3196862714411,100.0,0.25,8
10000,DP,avg,743.2426765909278,774.0644821616222,780.7884329980906,787.3196862714411,100.0,0.25,8
100000,NGG,geom,806.2245045394229,644.019608673485,795.3965688899448,1214.0558614429815,100.0,0.25,8
100000,NGG,avg,817.080636151647,807.3000647716485,725.2702131148908,698.7034048680584,100.0,0.25,8
100000,DP,geom,1612.4571835435484,1571.282114385723,1331.6710595661993,1279.306467708203,100.0,0.25,8
100000,DP,avg,1610.8058925641499,1570.7992364408005,1331.6304977200948,1279.3064677082034,100.0,0.25,8
250000,NGG,geom,1720.1193970816003,2124.5220150146724,2512.990065346409,3244.3686703922876,100.0,0.25,8
250000,NGG,avg,1731.1769739139818,1683.1678780763832,2208.9760389645253,2228.8396145627567,100.0,0.25,8
250000,DP,geom,2132.6561650431413,2080.0906156376855,1705.3380606338114,1538.3661654029643,100.0,0.25,8
250000,DP,avg,2131.6587096654475,2079.936789266156,1705.3376619599485,1538.3661654029643,100.0,0.25,8
5000,NGG,geom,233.15922644209218,311.04356059611206,459.66730898855957,495.6984378652472,100.0,0.25,6
5000,NGG,avg,229.7087285433754,313.53943304860593,464.1670731169015,514.2131091642019,100.0,0.25,6
5000,DP,geom,556.7420499821128,567.9976024547175,574.9170757075999,578.5019370413984,100.0,0.25,6
5000,DP,avg,555.4748926695356,567.7817198599993,574.8734015122718,578.5019370413984,100.0,0.25,6
10000,NGG,geom,150.9006259015872,264.1670594665052,455.0760955206501,520.4073276895843,100.0,0.25,6
10000,NGG,avg,146.95072217732104,282.4312169221047,489.8306758362342,428.0465261947507,100.0,0.25,6
10000,DP,geom,716.1692891604317,731.7563591953003,741.0878076122384,740.8880582274946,100.0,0.25,6
10000,DP,avg,714.6758304903674,731.2657852111106,741.0804204688591,740.8880582274946,100.0,0.25,6
100000,NGG,geom,600.0266962393939,645.8684782690921,1006.9221573125437,810.4412619037248,100.0,0.25,6
100000,NGG,avg,615.6259895648795,664.7038800516507,1082.8898993607577,1241.709529641741,100.0,0.25,6
100000,DP,geom,1587.6301588418519,1526.3481721066837,1320.199611631564,1267.3984852763606,100.0,0.25,6
100000,DP,avg,1586.7386803490351,1526.0591332784998,1320.1601453326014,1267.3984852763608,100.0,0.25,6
250000,NGG,geom,1742.0656145755647,1719.865620266367,2131.840471301397,2563.994071622331,100.0,0.25,6
250000,NGG,avg,1651.5917335170075,1478.951747832445,2819.8226816469787,2693.29583099492,100.0,0.25,6
250000,DP,geom,2143.9355227981778,2083.456455988653,1722.437576398114,1597.0645246384524,100.0,0.25,6
250000,DP,avg,2142.8504832252647,2083.1187541640206,1722.3573884987827,1597.0645246384527,100.0,0.25,6
5000,NGG,geom,71.46771819880252,78.518566909788,74.7815517272231,80.99450432762538,10.0,0.25,9
5000,NGG,avg,66.92592808708855,80.33737787097434,74.74849934323223,61.874281520201976,10.0,0.25,9
5000,DP,geom,105.04516803656307,104.62744790397831,105.51385855182893,105.28595127523957,10.0,0.25,9
5000,DP,avg,104.94386523694196,104.57958804158159,105.50716904488593,105.28595127523957,10.0,0.25,9
10000,NGG,geom,140.48968396972413,158.21850445072465,107.03075427120291,122.46623378021599,10.0,0.25,9
10000,NGG,avg,164.32942511554938,158.18206305689597,198.45366128902492,217.072137453523,10.0,0.25,9
10000,DP,geom,138.31701702783857,140.51233719385638,140.84272583671248,141.26317181852596,10.0,0.25,9
10000,DP,avg,138.15195572278265,140.4536950304443,140.84272583671248,141.26317181852596,10.0,0.25,9
100000,NGG,geom,895.3100934472252,1007.9585374620494,782.9617217373477,1180.1831842120855,10.0,0.25,9
100000,NGG,avg,867.1356912777098,1026.4910519353073,1266.9536904861193,1079.0679973077038,10.0,0.25,9
100000,DP,geom,288.81853722906425,289.708123955312,290.4216791501115,291.0266499947349,10.0,0.25,9
100000,DP,avg,288.48095619584166,289.68225099614426,290.41849346343525,291.0266499947349,10.0,0.25,9
250000,NGG,geom,1637.615652565331,1493.1875313244532,1632.8324694377443,919.6741374958331,10.0,0.25,9
250000,NGG,avg,1726.791532285008,1741.8567228154434,1584.1893723489923,1969.4433088149426,10.0,0.25,9
250000,DP,geom,390.21501739626586,391.2999187581083,389.74250326971037,391.862892303291,10.0,0.25,9
250000,DP,avg,389.9888928641552,391.164730568011,389.73983735407074,391.862892303291,10.0,0.25,9
5000,NGG,geom,61.19809216884252,67.78766729024306,50.22898036908478,68.51539338625935,10.0,0.25,4
5000,NGG,avg,62.74179281902349,53.47303341074445,49.73906030328493,52.07117450690461,10.0,0.25,4
5000,DP,geom,103.91941595013867,104.7364887666929,104.58741343904971,104.86821071714174,10.0,0.25,4
5000,DP,avg,103.8187217230304,104.70739380902799,104.58741343904971,104.86821071714172,10.0,0.25,4
10000,NGG,geom,150.24210490447888,143.89033370524407,176.38372064052476,171.18761216110283,10.0,0.25,4
10000,NGG,avg,144.88283004529956,144.92561490097273,193.1219606439616,101.55357761835594,10.0,0.25,4
10000,DP,geom,127.23423431866823,128.3781156693111,127.33293941870247,128.6594627362389,10.0,0.25,4
10000,DP,avg,127.12544253175679,128.31613092893463,127.33293941870247,128.6594627362389,10.0,0.25,4
100000,NGG,geom,835.4924292463495,995.323749514502,796.7637041607973,849.627822193605,10.0,0.25,4
100000,NGG,avg,929.1355237190669,774.1244022842352,1045.4560502483478,1078.9719665623181,10.0,0.25,4
100000,DP,geom,265.741897596309,263.45641225782254,264.71322622499576,266.1414354810539,10.0,0.25,4
100000,DP,avg,265.46822625144864,263.3670136674062,264.7099233467085,266.141435481054,10.0,0.25,4
250000,NGG,geom,1552.0915065807533,1384.922696750032,2170.362767522286,1026.6146349277265,10.0,0.25,4
250000,NGG,avg,1590.6736086828162,1398.7870285780477,1419.4084251390173,2057.9619327331948,10.0,0.25,4
250000,DP,geom,334.79052342213015,335.2167110412595,333.86258119466817,334.25170421031845,10.0,0.25,4
250000,DP,avg,334.2681590771798,335.04876466564826,333.8425037070981,334.25170421031845,10.0,0.25,4
5000,NGG,geom,218.70868380893836,322.61556122500616,490.7155341923808,525.1565438457419,100.0,0.25,5
5000,NGG,avg,221.1338097544787,330.67645519829045,496.6433256219605,514.5128645548676,100.0,0.25,5
5000,DP,geom,579.9771001348614,595.4056918937466,603.1464954503992,602.9450072134754,100.0,0.25,5
5000,DP,avg,579.7093889724468,595.0862759489293,603.1463896282087,602.9450072134754,100.0,0.25,5
10000,NGG,geom,143.92732898290353,253.58655352417406,513.7723730433236,569.2814493534024,100.0,0.25,5
10000,NGG,avg,165.68702428267943,284.4581160539751,458.22364184567806,496.8816350426554,100.0,0.25,5
10000,DP,geom,740.0144372790932,750.8105554738054,769.5553727953474,766.2939653415267,100.0,0.25,5
10000,DP,avg,738.9360366135351,750.1900757530137,769.48225251153,766.2939653415266,100.0,0.25,5
100000,NGG,geom,671.5976701462264,735.6439023163261,888.1043629259416,851.4570521777596,100.0,0.25,5
100000,NGG,avg,664.4658542867314,653.4317398408448,827.1292180292021,878.4404569652311,100.0,0.25,5
100000,DP,geom,1643.4905320769037,1581.264560545691,1355.4827616124571,1286.7642165619995,100.0,0.25,5
100000,DP,avg,1642.8385956739476,1580.9375151126126,1355.4580419138265,1286.7642165619993,100.0,0.25,5
250000,NGG,geom,1661.5043191697714,1736.4510538206914,2269.902213438917,3244.8715621942556,100.0,0.25,5
250000,NGG,avg,1779.5514819630025,1875.3465986428473,1968.293664225741,2297.547573997809,100.0,0.25,5
250000,DP,geom,2159.7984148346213,2100.686757763383,1741.2596451920017,1553.374752964629,100.0,0.25,5
250000,DP,avg,2158.6483249532175,2100.3869887431365,1741.252520968525,1553.374752964629,100.0,0.25,5
5000,NGG,geom,51.58157749824005,57.55623992610384,68.30882083697375,29.16588956414884,10.0,0.25,2
5000,NGG,avg,55.78133796947651,54.68387926262335,57.56016950477502,25.566888808825695,10.0,0.25,2
5000,DP,geom,130.38356387337737,131.33800941962187,133.44290034332946,132.2853822833504,10.0,0.25,2
5000,DP,avg,130.26421082558767,131.29924844641332,133.3931194027452,132.2853822833504,10.0,0.25,2
10000,NGG,geom,126.05243991263467,134.58061372564305,143.60864720822775,74.13155790424429,10.0,0.25,2
10000,NGG,avg,138.75111453066785,125.23027452771919,89.37829004389368,110.97806855212644,10.0,0.25,2
10000,DP,geom,168.84956267767336,170.50431676042285,171.05501952372637,172.6057684927723,10.0,0.25,2
10000,DP,avg,168.69965885165817,170.42473241567532,171.05501952372637,172.6057684927723,10.0,0.25,2
100000,NGG,geom,792.6746370944893,925.0749642145984,798.7367624004744,1069.4646887897854,10.0,0.25,2
100000,NGG,avg,853.0712360256623,892.4937536499283,1234.287484697356,699.4662214679975,10.0,0.25,2
100000,DP,geom,342.46002507328444,341.59216918661366,347.6198127242583,346.7966045591939,10.0,0.25,2
100000,DP,avg,342.17316101101187,341.4527857688937,347.6197836632227,346.7966045591939,10.0,0.25,2
250000,NGG,geom,1420.1543514801392,1719.1583581221994,1674.6979734909155,2609.787132915597,10.0,0.25,2
250000,NGG,avg,1824.782789463568,1945.3211645041938,1489.9166959164022,2690.61350516322,10.0,0.25,2
250000,DP,geom,439.4371579267107,442.3852276472018,444.15498666400487,444.67552876801807,10.0,0.25,2
250000,DP,avg,439.07075546548504,442.1935799103865,444.0985532284623,444.67552876801807,10.0,0.25,2
5000,NGG,geom,952.6185399416863,1012.3910263947129,1242.5874812328454,1323.7867547653168,10.0,0.75,5
5000,NGG,avg,949.1327279393483,1030.3853210429397,1237.341806843698,1307.7389805419666,10.0,0.75,5
5000,DP,geom,1319.8388788616128,1285.5697216346773,1181.2699941361702,1173.0374698356225,10.0,0.75,5
5000,DP,avg,1319.0617792784612,1285.3525872264743,1181.2612620057475,1173.0374698356227,10.0,0.75,5
10000,NGG,geom,1598.1301920603037,1671.4196266599056,1850.4356969846324,1943.4548058750743,10.0,0.75,5
10000,NGG,avg,1625.356034483512,1678.77216397886,1840.034028284181,1964.2779016707127,10.0,0.75,5
10000,DP,geom,2361.3107544012587,2271.812868535928,1912.8460170411,1769.2605243032967,10.0,0.75,5
10000,DP,avg,2360.089706933405,2271.465617144084,1912.8394272180294,1769.260524303297,10.0,0.75,5
100000,NGG,geom,8770.904407250846,8772.281260171165,9513.119135504821,8876.069646386337,10.0,0.75,5
100000,NGG,avg,8458.411780232538,8959.980622470097,9188.392577428081,9155.778312432678,10.0,0.75,5
100000,DP,geom,14814.94388438965,14638.960336196553,13601.095271381599,12653.916960437658,10.0,0.75,5
100000,DP,avg,14812.454983109463,14638.769238365187,13601.094984369878,12653.916960437658,10.0,0.75,5
250000,NGG,geom,16268.06203115985,17367.370279989576,18052.916537191413,18831.274269601967,10.0,0.75,5
250000,NGG,avg,16217.529493550246,17701.739472289828,18206.828535691304,17082.75818374668,10.0,0.75,5
250000,DP,geom,29869.96006503699,29662.551171204996,28384.62197045424,27184.85841721651,10.0,0.75,5
250000,DP,avg,29867.333837593593,29661.90529063813,28384.6180797294,27184.85841721651,10.0,0.75,5
5000,NGG,geom,86.31519957457527,106.25806880226429,88.02351112921178,51.06164532802626,10.0,0.25,5
5000,NGG,avg,79.52068985708155,84.26254792152059,74.26653704977434,98.64561076316417,10.0,0.25,5
5000,DP,geom,100.80502004158679,100.92660580594219,102.06088585417308,102.35732965339149,10.0,0.25,5
5000,DP,avg,100.66791091888415,100.90490749958215,102.06088585417307,102.35732965339149,10.0,0.25,5
10000,NGG,geom,155.08154564553206,151.17704085440295,178.91300538583147,111.94706149145219,10.0,0.25,5
10000,NGG,avg,161.80911010296325,173.59971060343315,165.58802053271467,152.6305454806227,10.0,0.25,5
10000,DP,geom,123.6762546411027,125.80071381271664,124.72000716558857,126.05022648260595,10.0,0.25,5
10000,DP,avg,123.51170645666073,125.74584757587856,124.72000716558857,126.05022648260595,10.0,0.25,5
100000,NGG,geom,864.2870689654587,1006.441879003512,871.9169535387155,658.3672495495371,10.0,0.25,5
100000,NGG,avg,947.8142325227368,889.2643379278791,1150.9822080267468,699.5177534585002,10.0,0.25,5
100000,DP,geom,254.9015650883003,256.56619780802583,257.5358482351623,257.93326444999667,10.0,0.25,5
100000,DP,avg,254.69294841856853,256.4785546073396,257.53236656195145,257.93326444999667,10.0,0.25,5
250000,NGG,geom,1576.3638453115598,1626.5175354443033,1929.9971240092195,1237.6832642162904,10.0,0.25,5
250000,NGG,avg,1592.667389476482,1398.2453356785652,1120.5181046367127,1911.7731551664883,10.0,0.25,5
250000,DP,geom,356.2573340699617,359.069340929635,359.43663801413066,358.7551138484804,10.0,0.25,5
250000,DP,avg,355.8776810489374,359.00830676241355,359.4364708795558,358.7551138484804,10.0,0.25,5
5000,NGG,geom,663.9478461854004,685.0248094854062,744.6328218899714,755.2447750840279,10.0,0.75,1
5000,NGG,avg,668.9052749171119,693.7929563309768,764.6001330642214,756.0312619569827,10.0,0.75,1
5000,DP,geom,894.1262134028769,896.9585870847473,911.9297643189589,906.370334575654,10.0,0.75,1
5000,DP,avg,893.4200629852514,896.7523608651686,911.8689405534578,906.370334575654,10.0,0.75,1
10000,NGG,geom,1127.5362890275487,1152.172064455592,1151.5622417016675,1251.8357196355619,10.0,0.75,1
10000,NGG,avg,1150.2586749329034,1135.2492338347017,1158.7300875733963,1252.7234054900302,10.0,0.75,1
10000,DP,geom,1592.3037055584773,1519.4767421654062,1318.2354055257813,1292.8684823410642,10.0,0.75,1
10000,DP,avg,1592.1468831305012,1519.3304616093642,1318.2035154773343,1292.8684823410645,10.0,0.75,1
100000,NGG,geom,5879.548788134514,6220.816008161778,5896.035015335542,5163.7111921172545,10.0,0.75,1
100000,NGG,avg,5844.119820071395,5885.650495916349,5784.378007668532,5529.147797597963,10.0,0.75,1
100000,DP,geom,9823.53341064504,9662.173481361831,8812.716701730706,8083.158634910114,10.0,0.75,1
100000,DP,avg,9823.357996135783,9662.0737645518,8812.716696235137,8083.158634910114,10.0,0.75,1
250000,NGG,geom,12196.50783217906,12053.119130869072,11751.219746717896,11746.775817584416,10.0,0.75,1
250000,NGG,avg,11735.8081886349,11950.470948925664,11602.525387648682,10490.589936989207,10.0,0.75,1
250000,DP,geom,19920.759786518418,19747.857714327653,18732.687172845126,17765.161220178714,10.0,0.75,1
250000,DP,avg,19920.642051247087,19747.742117135822,18732.68525384282,17765.161220178714,10.0,0.75,1
5000,NGG,geom,879.0094824442698,930.8118146450585,1116.4383781929496,1173.3697402391576,10.0,0.75,7
5000,NGG,avg,875.5726889269938,926.6105564136873,1121.1612482615183,1178.1826727454213,10.0,0.75,7
5000,DP,geom,1197.7744992389153,1154.6812327093928,1089.2889029909584,1091.9374371762615,10.0,0.75,7
5000,DP,avg,1196.7416538205357,1154.3574276921788,1089.237783530659,1091.9374371762615,10.0,0.75,7
10000,NGG,geom,1459.4260731508834,1506.8113806299864,1618.7822634962208,1723.3382363230435,10.0,0.75,7
10000,NGG,avg,1455.207027106493,1501.8556899506314,1650.975969073848,1752.8311812829775,10.0,0.75,7
10000,DP,geom,2110.7091234655704,2025.8307182839467,1725.5904003030696,1614.5269450825342,10.0,0.75,7
10000,DP,avg,2110.3741517817607,2025.6578022017384,1725.5895571337444,1614.5269450825344,10.0,0.75,7
100000,NGG,geom,8315.883886187785,8510.11640716469,8969.125213571799,8184.416253971556,10.0,0.75,7
100000,NGG,avg,8375.433173265345,8609.72701030455,8496.233493292857,8585.00557606406,10.0,0.75,7
100000,DP,geom,13660.24201621804,13491.962244442693,12501.509610110505,11635.95108562805,10.0,0.75,7
100000,DP,avg,13659.233221118984,13491.737952402973,12501.482848730759,11635.95108562805,10.0,0.75,7
250000,NGG,geom,16765.13670979708,16622.706631382385,17798.996825510883,16836.481895401925,10.0,0.75,7
250000,NGG,avg,16446.679649508365,16634.48757425471,17019.704927364888,17754.258912055335,10.0,0.75,7
250000,DP,geom,27697.096506024343,27519.2623892521,26305.086654286988,25152.12618274529,10.0,0.75,7
250000,DP,avg,27696.19434158397,27519.016860645952,26305.08280274895,25152.12618274529,10.0,0.75,7
5000,NGG,geom,1403.100896063781,1434.7774631156954,1551.1743721427029,1697.5063866638866,1000.0,0.25,5
5000,NGG,avg,1412.5224767829247,1420.7124263563119,1566.1298952902844,1674.1288277631609,1000.0,0.25,5
5000,DP,geom,1582.1432174030224,1586.379607716869,1404.9238034757818,1414.6067785458092,1000.0,0.25,5
5000,DP,avg,1576.6348621544541,1583.4425587388982,1404.5548481144085,1414.6067785458094,1000.0,0.25,5
10000,NGG,geom,1597.4486214468745,1659.1049006141336,1901.0480345300348,1990.3609740190595,1000.0,0.25,5
10000,NGG,avg,1615.972873187955,1638.550933895678,1813.5959900524897,1970.114242893519,1000.0,0.25,5
10000,DP,geom,2324.560481627128,2298.753573605366,1967.3422888819314,1770.8869964012174,1000.0,0.25,5
10000,DP,avg,2318.1990795625907,2297.015555317717,1967.34165351986,1770.8869964012172,1000.0,0.25,5
100000,NGG,geom,415.3070242239519,424.0005538988571,340.955972858319,1124.5443787621334,1000.0,0.25,5
100000,NGG,avg,203.9070711558852,579.9224793699414,111.05010430892435,727.362069846934,1000.0,0.25,5
100000,DP,geom,6767.920256555844,6718.195501923357,5672.720188059511,4855.16036687495,1000.0,0.25,5
100000,DP,avg,6749.518876538199,6709.161578374376,5672.703043805968,4855.160366874952,1000.0,0.25,5
250000,NGG,geom,2280.3540106066393,2458.8035120403238,2272.823947436498,1928.7068385889943,1000.0,0.25,5
250000,NGG,avg,2032.7213066838067,1440.4305483982516,1977.9206958333125,3386.7307117013206,1000.0,0.25,5
250000,DP,geom,9666.866008542645,9264.698686651649,8149.3553845501865,7068.47187130325,1000.0,0.25,5
250000,DP,avg,9651.91230364945,9263.686059084339,8149.282269461096,7068.471871303253,1000.0,0.25,5
5000,NGG,geom,220.47690706554255,323.7763794525796,502.208309196168,520.9801794752632,100.0,0.25,9
5000,NGG,avg,219.69294802660386,319.6611365291429,492.2667213647162,513.8458168915406,100.0,0.25,9
5000,DP,geom,575.0577160209554,593.0551762806775,604.4990577810506,603.1170037013155,100.0,0.25,9
5000,DP,avg,573.5294279125961,592.576330328168,604.4955942293444,603.1170037013155,100.0,0.25,9
10000,NGG,geom,158.49018124428176,251.76387954743086,499.787343114393,534.6916104235652,100.0,0.25,9
10000,NGG,avg,158.67538762671973,291.69717074563835,481.061693140812,538.3196370298115,100.0,0.25,9
10000,DP,geom,748.6453047430547,763.116803879766,779.2025979345433,779.9727680829766,100.0,0.25,9
10000,DP,avg,747.0018310409221,762.5808834381932,779.1692628519988,779.9727680829766,100.0,0.25,9
100000,NGG,geom,747.7854261378652,794.1193579647379,586.4826935370102,603.3882453044675,100.0,0.25,9
100000,NGG,avg,837.8386946300693,778.0447032782863,861.2438840205164,992.1388798114567,100.0,0.25,9
100000,DP,geom,1618.8495425836616,1561.8638434157651,1346.3791570630713,1291.9217582991982,100.0,0.25,9
100000,DP,avg,1617.9808296127712,1561.6638458540144,1346.3458561681728,1291.9217582991982,100.0,0.25,9
250000,NGG,geom,2228.67060686324,1870.88121443224,2019.569972124049,2071.994990903282,100.0,0.25,9
250000,NGG,avg,1779.6353687018536,1943.8013070904763,2452.9415502881257,2234.1170004118067,100.0,0.25,9
250000,DP,geom,2141.8313571947174,2082.5759520891056,1712.1657692557415,1551.7133418149142,100.0,0.25,9
250000,DP,avg,2141.104784178774,2082.293446070319,1712.1657617541864,1551.7133418149142,100.0,0.25,9
5000,NGG,geom,841.2342000393572,900.0827455305591,1109.175908021778,1177.6193447826795,10.0,0.75,9
5000,NGG,avg,838.7207669759488,903.457707869982,1114.881279455113,1172.8133479631042,10.0,0.75,9
5000,DP,geom,1177.0260154179625,1136.8813074801378,1071.1996733050146,1065.8311158674637,10.0,0.75,9
5000,DP,avg,1176.3915228974527,1136.6426761847868,1071.1329876189022,1065.8311158674637,10.0,0.75,9
10000,NGG,geom,1464.9370261533345,1495.9103867114009,1658.5059956550188,1769.3300774075576,10.0,0.75,9
10000,NGG,avg,1456.4443666764541,1495.9086160068555,1659.0051225443403,1733.258565917,10.0,0.75,9
10000,DP,geom,2134.414880188825,2045.579619198039,1721.7837891587674,1602.7819841070686,10.0,0.75,9
10000,DP,avg,2134.280118208667,2045.3893755125414,1721.7801965958154,1602.7819841070684,10.0,0.75,9
100000,NGG,geom,7841.215726295956,7952.213952264271,7978.498088119507,7405.38485185583,10.0,0.75,9
100000,NGG,avg,7845.021192880932,7916.809012590209,8213.2015999177,8373.409086555022,10.0,0.75,9
100000,DP,geom,13090.052791662123,12904.128602178394,11923.203384972676,11071.884603619583,10.0,0.75,9
100000,DP,avg,13089.69973733915,12903.957293436672,11923.203189022011,11071.884603619583,10.0,0.75,9
250000,NGG,geom,14953.935598567203,15660.383190435747,15840.71996811057,14548.643032551776,10.0,0.75,9
250000,NGG,avg,15075.354541766927,15650.904328927518,16554.99562184315,14760.840363884521,10.0,0.75,9
250000,DP,geom,26520.125487497255,26304.235821035887,25108.316545136473,23991.68150465529,10.0,0.75,9
250000,DP,avg,26519.64894189767,26304.007383214794,25108.31037029994,23991.68150465529,10.0,0.75,9
5000,NGG,geom,1430.8498527744634,1446.239703730871,1572.4120011830444,1665.553751204021,1000.0,0.25,3
5000,NGG,avg,1414.884356733948,1449.0762441580828,1585.4066269430966,1674.251345847632,1000.0,0.25,3
5000,DP,geom,1556.2282125445927,1533.0272390267328,1394.5089399292083,1342.1995319162988,1000.0,0.25,3
5000,DP,avg,1549.4238732966876,1531.4127006049127,1394.3114863763258,1342.1995319162988,1000.0,0.25,3
10000,NGG,geom,1572.8244520410312,1561.0811407379417,1793.626030669251,1934.2112199754881,1000.0,0.25,3
10000,NGG,avg,1547.804949789428,1585.8475630372272,1849.0593964186326,1905.5017038664944,1000.0,0.25,3
10000,DP,geom,2276.3150103763232,2179.1674812785177,1919.8339671606545,1738.400173882314,1000.0,0.25,3
10000,DP,avg,2271.404275365485,2176.0682322775137,1919.7762067773697,1738.4001738823142,1000.0,0.25,3
100000,NGG,geom,299.31832608318655,151.1314816441627,215.45346111502658,417.85093816522294,1000.0,0.25,3
100000,NGG,avg,222.70458972817596,467.316882158726,1025.3946003321707,747.1435413903055,1000.0,0.25,3
100000,DP,geom,6538.937987893647,6458.365994265567,5414.80123393963,4768.177341164261,1000.0,0.25,3
100000,DP,avg,6525.35658455842,6451.198171102695,5412.136247347835,4768.177341164257,1000.0,0.25,3
250000,NGG,geom,2390.3447283467194,1846.347938000572,2393.799581206167,2590.9736041894375,1000.0,0.25,3
250000,NGG,avg,2021.1461230741588,1613.2416101513718,1228.8730931351347,3588.3888245502367,1000.0,0.25,3
250000,DP,geom,9366.307443138845,9302.14390912022,8063.7584809785785,6917.3891319655895,1000.0,0.25,3
250000,DP,avg,9353.927090944442,9297.711304628203,8063.316513091692,6917.389131965592,1000.0,0.25,3
5000,NGG,geom,246.1872883430284,340.44165847519884,498.8678239172741,554.9899668788901,100.0,0.25,1
5000,NGG,avg,256.51891547614696,331.8802584677089,500.65937553480353,541.3733711283729,100.0,0.25,1
5000,DP,geom,593.7559450002757,606.5662420452843,616.1252715362301,621.1730065353281,100.0,0.25,1
5000,DP,avg,592.5666632840006,606.4003106355452,616.1049504424807,621.1730065353281,100.0,0.25,1
10000,NGG,geom,184.00731025725713,306.7605420519626,499.6303075360229,578.4507003128374,100.0,0.25,1
10000,NGG,avg,201.91911618979725,308.69121963761825,466.3483447082165,467.70311648232604,100.0,0.25,1
10000,DP,geom,766.9705421032279,779.7077181887313,800.2297322802074,796.7963679924977,100.0,0.25,1
10000,DP,avg,765.5152302216381,779.4551701127762,800.1019032886679,796.7963679924977,100.0,0.25,1
100000,NGG,geom,728.7852935026417,844.153976967456,1006.7566420390744,576.2715222086968,100.0,0.25,1
100000,NGG,avg,929.5030096602941,818.8446807706123,918.6856796923475,518.5072538836362,100.0,0.25,1
100000,DP,geom,1617.0464197120389,1571.7626417202086,1362.3750831529787,1269.1286994231393,100.0,0.25,1
100000,DP,avg,1616.4928271550882,1571.5630167418847,1362.3201332460603,1269.1286994231393,100.0,0.25,1
250000,NGG,geom,1742.73850351282,1847.3617877838633,1853.350922649789,2978.720618776877,100.0,0.25,1
250000,NGG,avg,1655.7689234838563,1821.820512514647,2672.7543891971627,2320.1227348077155,100.0,0.25,1
250000,DP,geom,2240.082966482632,2191.9868054306085,1808.433347826658,1612.1665930857982,100.0,0.25,1
250000,DP,avg,2238.4832451329444,2191.431692448991,1808.411618511826,1612.166593085798,100.0,0.25,1
5000,NGG,geom,1696.1517173408022,1707.276435421541,1837.7130803648056,1906.5724482087192,100.0,0.75,4
5000,NGG,avg,1685.609443818888,1728.4857220404217,1824.250152540261,1922.974435028535,100.0,0.75,4
5000,DP,geom,1914.8087713204236,1887.0134125910847,1635.0346215648774,1572.048495088342,100.0,0.75,4
5000,DP,avg,1910.4141761929038,1885.1216461507997,1634.9158780688304,1572.048495088342,100.0,0.75,4
10000,NGG,geom,2571.413121856821,2611.232429545319,2806.8575116040106,2833.6181856744674,100.0,0.75,4
10000,NGG,avg,2616.479068755156,2598.7601085859524,2768.243113436106,2865.2184006734315,100.0,0.75,4
10000,DP,geom,3436.1056303901732,3345.6871620106926,2836.5404820168224,2527.2910350682796,100.0,0.75,4
10000,DP,avg,3431.274258819951,3344.345811969546,2836.509219904287,2527.2910350682796,100.0,0.75,4
100000,NGG,geom,12959.162879435275,13127.451069574036,13840.5275509191,14142.415158939602,100.0,0.75,4
100000,NGG,avg,13158.199627705402,13167.061523498753,13986.000839124987,14170.9783051955,100.0,0.75,4
100000,DP,geom,22936.030084600872,22670.636685117217,21230.49332580864,19961.42088604094,100.0,0.75,4
100000,DP,avg,22928.243521464217,22669.217021609926,21230.356038191312,19961.420886040938,100.0,0.75,4
250000,NGG,geom,27518.1198403216,28383.492628112697,30270.84865355184,30840.96441172075,100.0,0.75,4
250000,NGG,avg,28072.98297137837,28436.018235425436,29784.864630385324,30009.33779472065,100.0,0.75,4
250000,DP,geom,46901.81996726258,46731.23586707526,44826.38811780079,43132.52354656026,100.0,0.75,4
250000,DP,avg,46896.36546843552,46728.43961977115,44826.11799233176,43132.52354656026,100.0,0.75,4
5000,NGG,geom,33.258203111990014,32.98010183789569,33.37310257297017,46.22983112989789,10.0,0.25,7
5000,NGG,avg,42.64193850730257,29.65949216907873,10.885425122390501,28.711557268277232,10.0,0.25,7
5000,DP,geom,140.46842711867095,140.64777430571309,143.1346200617481,141.59879937881465,10.0,0.25,7
5000,DP,avg,140.30471724327998,140.5855704313009,143.11653863579252,141.59879937881465,10.0,0.25,7
10000,NGG,geom,133.2453311252258,127.4574292370769,126.1552615811155,70.36550517853141,10.0,0.25,7
10000,NGG,avg,122.70035889924168,128.06899065724332,106.32725307875478,124.53079134914077,10.0,0.25,7
10000,DP,geom,164.35322472994164,165.1113732881568,166.2854316613225,167.15359993013422,10.0,0.25,7
10000,DP,avg,164.2255623853376,165.08849852907778,166.2802616790838,167.15359993013422,10.0,0.25,7
100000,NGG,geom,828.1677289789845,1057.6624134610647,1011.1505465436355,1153.7760905970229,10.0,0.25,7
100000,NGG,avg,976.4255965515608,816.1068798732754,957.3343848704867,643.8368512309223,10.0,0.25,7
100000,DP,geom,305.5834857018632,304.473157013038,309.68438182213714,308.78492893549395,10.0,0.25,7
100000,DP,avg,305.1280239313659,304.3491226798819,309.671176541353,308.78492893549395,10.0,0.25,7
250000,NGG,geom,1710.2905678203279,1783.680189060758,1588.4625481092858,1998.749296024915,10.0,0.25,7
250000,NGG,avg,1566.4795575596393,1793.4996055789316,2513.0826764810754,1807.6941256501823,10.0,0.25,7
250000,DP,geom,405.24607978293466,405.6114246598751,405.7243365332725,408.41904625418954,10.0,0.25,7
250000,DP,avg,404.8937498053703,405.517497787934,405.7243360458621,408.4190462541895,10.0,0.25,7
5000,NGG,geom,852.0708623176629,923.7183523105164,1142.875874133645,1234.8000771490747,10.0,0.75,2
5000,NGG,avg,851.2673270161499,917.4514730247995,1145.167748183883,1221.7852766969356,10.0,0.75,2
5000,DP,geom,1220.3266706447655,1179.9871976581676,1096.1601451350612,1114.9807692847005,10.0,0.75,2
5000,DP,avg,1219.9886025212538,1179.893658383485,1096.1574417545712,1114.9807692847005,10.0,0.75,2
10000,NGG,geom,1341.1704051650463,1410.4456686371573,1604.424274446203,1717.4501825836173,10.0,0.75,2
10000,NGG,avg,1361.173541007271,1410.0233376028532,1559.213155230846,1730.952075483503,10.0,0.75,2
10000,DP,geom,2074.957875894338,1987.9915678116536,1674.697919373426,1582.87491249678,10.0,0.75,2
10000,DP,avg,2074.2249409683536,1987.858268782311,1674.6429056878185,1582.8749124967799,10.0,0.75,2
100000,NGG,geom,7704.134575177822,8054.364973488631,7686.659075491757,7682.105213430638,10.0,0.75,2
100000,NGG,avg,7753.603272418766,8083.838766784975,8373.734353624986,8028.380904280057,10.0,0.75,2
100000,DP,geom,13164.753547911161,13003.524115778571,12021.939279177786,11156.883684210059,10.0,0.75,2
100000,DP,avg,13163.639746939025,13003.327265019348,12021.913485159865,11156.883684210059,10.0,0.75,2
250000,NGG,geom,14728.85637767064,15242.848673336237,16124.207379664284,15491.306909386489,10.0,0.75,2
250000,NGG,avg,14903.096386025001,15346.62952341351,16255.811520644555,16413.06437457726,10.0,0.75,2
250000,DP,geom,26526.744361407906,26329.11112063514,25153.26251469126,24036.49781016215,10.0,0.75,2
250000,DP,avg,26525.31436049511,26328.84449246814,25153.25576010916,24036.49781016215,10.0,0.75,2
5000,NGG,geom,67.42988882018628,61.255146577255175,87.64680022263983,51.5791559648745,10.0,0.25,6
5000,NGG,avg,72.0486523286497,58.283481370399585,45.21878369110587,74.10548997946353,10.0,0.25,6
5000,DP,geom,104.14310454738761,106.64846998010903,107.47637573011308,106.76048523604787,10.0,0.25,6
5000,DP,avg,104.02775758105878,106.6154961816251,107.47631621498141,106.76048523604788,10.0,0.25,6
10000,NGG,geom,140.037372679422,159.40074813287788,152.67436663037336,144.60880549389844,10.0,0.25,6
10000,NGG,avg,132.71647604119704,131.73494939617524,163.42580985542696,189.7377127804184,10.0,0.25,6
10000,DP,geom,128.9004368693145,129.23380190383494,129.9512749882032,130.73358872363758,10.0,0.25,6
10000,DP,avg,128.7295040805097,129.11402503982785,129.94554168099512,130.73358872363758,10.0,0.25,6
100000,NGG,geom,817.2062287830497,908.0189876063637,719.5205438095918,641.8808525058898,10.0,0.25,6
100000,NGG,avg,804.0920497093937,754.4692116821793,693.5181941560495,747.4520860057135,10.0,0.25,6
100000,DP,geom,297.422946004553,297.0067794704676,297.4427676202376,297.5230221254561,10.0,0.25,6
100000,DP,avg,297.23379503109504,296.95338257070364,297.4427661887552,297.5230221254561,10.0,0.25,6
250000,NGG,geom,1235.5944180244805,1567.7483407330217,2959.6544499484057,1182.6786373645937,10.0,0.25,6
250000,NGG,avg,1434.4179670588649,1728.4580511514841,1505.69412506985,1189.5032372729218,10.0,0.25,6
250000,DP,geom,390.6212900664995,393.5500200284062,393.26599140278523,392.6792630557813,10.0,0.25,6
250000,DP,avg,390.4199081847467,393.50568655199794,393.25484674671594,392.6792630557813,10.0,0.25,6
5000,NGG,geom,1679.4062990587772,1694.9762228799882,1806.5978650022098,1962.8111699989909,100.0,0.75,5
5000,NGG,avg,1677.478360246866,1692.9936082765032,1802.9086275951934,1922.9728833010859,100.0,0.75,5
5000,DP,geom,1927.5744373492903,1878.6333349864387,1639.010582820897,1573.2222045980538,100.0,0.75,5
5000,DP,avg,1924.5167312759572,1878.3733840658888,1639.010283893135,1573.2222045980536,100.0,0.75,5
10000,NGG,geom,2801.4716072942283,2812.440988919825,2960.2601725653913,3003.043609470272,100.0,0.75,5
10000,NGG,avg,2774.472083617425,2849.109617245899,2955.064208008948,2954.9444727561577,100.0,0.75,5
10000,DP,geom,3502.2823116665013,3429.1147458189425,2912.3705385171675,2596.9268455505453,100.0,0.75,5
10000,DP,avg,3496.643756128682,3427.3288203249945,2912.352600943401,2596.9268455505453,100.0,0.75,5
100000,NGG,geom,13151.731193854364,13696.828119002941,13909.070594354109,14966.368281079125,100.0,0.75,5
100000,NGG,avg,13044.850987772703,13201.784110418379,14672.31773944382,14517.44690835563,100.0,0.75,5
100000,DP,geom,23309.540948530135,23059.987088070506,21563.13746930954,20237.32305754523,100.0,0.75,5
100000,DP,avg,23298.083414494173,23058.23776302191,21562.995631729034,20237.323057545233,100.0,0.75,5
250000,NGG,geom,27706.981674224477,27642.88805262936,28878.93829291774,28156.480894818127,100.0,0.75,5
250000,NGG,avg,27472.41834711263,28137.83090568898,29680.604571417498,30140.450770408468,100.0,0.75,5
250000,DP,geom,47880.392118614036,47519.7166240037,45686.95801707425,43924.09624886391,100.0,0.75,5
250000,DP,avg,47868.64536615147,47516.01336941628,45686.80079180056,43924.096248863905,100.0,0.75,5
5000,NGG,geom,1409.2001828489488,1429.3844172595175,1547.4950259807893,1664.5375382936145,1000.0,0.25,6
5000,NGG,avg,1416.5293287335344,1439.8920406535892,1572.3335286030492,1666.19612476052,1000.0,0.25,6
5000,DP,geom,1535.4069292967574,1513.9703189045176,1382.509451220311,1372.239006034959,1000.0,0.25,6
5000,DP,avg,1529.0323439982044,1511.62042874806,1382.4891194582774,1372.239006034959,1000.0,0.25,6
10000,NGG,geom,1490.6322528094809,1527.9460246192825,1739.2916146537543,1895.1829378174173,1000.0,0.25,6
10000,NGG,avg,1472.8630419871813,1562.036873795783,1763.8977345816024,1954.984115742948,1000.0,0.25,6
10000,DP,geom,2228.659036554146,2181.700072563364,1904.6516617841194,1686.8517474856756,1000.0,0.25,6
10000,DP,avg,2217.882768697253,2177.593447528433,1904.2903624758087,1686.8517474856753,1000.0,0.25,6
100000,NGG,geom,426.6755157641155,588.1973799085181,771.6661820739737,481.5242934464404,1000.0,0.25,6
100000,NGG,avg,418.27129712780334,387.11125818693654,738.5213883337219,764.213301577639,1000.0,0.25,6
100000,DP,geom,6677.675638246867,6564.1180747467515,5595.82478663451,4759.8332308912595,1000.0,0.25,6
100000,DP,avg,6652.203724585171,6559.122869453929,5595.555120978331,4759.833230891257,1000.0,0.25,6
250000,NGG,geom,1964.1266943972096,2251.262913192866,2391.7562162595623,2118.2621383417645,1000.0,0.25,6
250000,NGG,avg,1678.0354019010156,2120.023982603572,1183.200041967515,954.1412576628736,1000.0,0.25,6
250000,DP,geom,9415.275908932757,9388.845951161486,8109.769482752721,7028.594317336082,1000.0,0.25,6
250000,DP,avg,9389.750602269729,9385.595672204796,8109.673196826553,7028.594317336086,1000.0,0.25,6
5000,NGG,geom,1519.178137683883,1559.8908375759988,1680.8179687651182,1804.6143559050317,100.0,0.75,1
5000,NGG,avg,1514.5421305706145,1543.9940948976105,1671.6083629907102,1817.7053223973576,100.0,0.75,1
5000,DP,geom,1864.5734885804284,1804.5890567427289,1545.6515720021105,1493.030241810557,100.0,0.75,1
5000,DP,avg,1862.327306112783,1803.765861993074,1545.6407440375888,1493.030241810557,100.0,0.75,1
10000,NGG,geom,2507.5862879447973,2556.0618175338377,2686.492860665518,2744.46840941559,100.0,0.75,1
10000,NGG,avg,2518.413078890812,2500.807173752496,2657.7415604434245,2810.6209139472858,100.0,0.75,1
10000,DP,geom,3375.9151194756555,3287.0099186517127,2757.584677181165,2452.755945881554,100.0,0.75,1
10000,DP,avg,3373.1260492216497,3286.206111702248,2757.5789421610853,2452.755945881554,100.0,0.75,1
100000,NGG,geom,13947.278442632765,14137.62617495851,14572.88419744161,15003.30272808849,100.0,0.75,1
100000,NGG,avg,13891.535836674728,14264.317140168281,14527.10859783996,13976.292350677862,100.0,0.75,1
100000,DP,geom,21971.072120649627,21719.01971976375,20270.616419350506,19003.021147459953,100.0,0.75,1
100000,DP,avg,21966.200659781305,21718.448213906362,20270.61641530826,19003.021147459953,100.0,0.75,1
250000,NGG,geom,25706.473319155848,26250.23899209386,27606.31946076974,28034.93694655438,100.0,0.75,1
250000,NGG,avg,25367.364414921867,25776.132447845295,27497.593565941715,26857.117190464513,100.0,0.75,1
250000,DP,geom,44721.78874267455,44463.7034635097,42622.34665687674,41008.5189203859,100.0,0.75,1
250000,DP,avg,44716.214738727926,44462.903233195655,42622.34464984108,41008.518920385904,100.0,0.75,1
5000,NGG,geom,1419.4305966387315,1417.2287453209115,1556.994760978499,1646.6991492663615,1000.0,0.25,4
5000,NGG,avg,1416.0193996854243,1431.4973670364209,1587.6446617003512,1651.709858027091,1000.0,0.25,4
5000,DP,geom,1550.611575917083,1517.1277146688944,1390.8341926132143,1352.612019024014,1000.0,0.25,4
5000,DP,avg,1547.9819697348457,1515.0829994285107,1390.8057950266762,1352.612019024014,1000.0,0.25,4
10000,NGG,geom,1760.1542261069071,1812.3362660954128,1960.7581510715556,2072.220229134117,1000.0,0.25,4
10000,NGG,avg,1767.6395683725868,1796.452136747892,1910.7603718556616,2113.039957394759,1000.0,0.25,4
10000,DP,geom,2254.513996057927,2213.5121359588147,1924.9083892611748,1780.27759741982,1000.0,0.25,4
10000,DP,avg,2247.300808990724,2211.133592261858,1924.835985683234,1780.2775974198203,1000.0,0.25,4
100000,NGG,geom,375.71417356140955,260.8953690778799,689.0082296579258,1610.7420395866147,1000.0,0.25,4
100000,NGG,avg,384.4221565387652,146.0584631123529,1024.2296095775782,1503.5905463237186,1000.0,0.25,4
100000,DP,geom,6682.555489204691,6544.723131509234,5717.478149144514,4859.955708899191,1000.0,0.25,4
100000,DP,avg,6661.537016119997,6541.638173579269,5717.383641314951,4859.9557088991905,1000.0,0.25,4
250000,NGG,geom,2304.5411646389875,1815.8044147198252,1170.101179148869,2185.3625739330764,1000.0,0.25,4
250000,NGG,avg,1733.8807130951209,2052.95328083164,1353.0358908227608,381.61992735271997,1000.0,0.25,4
250000,DP,geom,9507.29010295638,9468.140565185042,8352.22992872719,7275.2909140023585,1000.0,0.25,4
250000,DP,avg,9485.14839783746,9464.598093752384,8352.20834635308,7275.290914002361,1000.0,0.25,4
5000,NGG,geom,1546.693292354144,1593.5349559277427,1733.1752406926075,1820.8310695813932,100.0,0.75,6
5000,NGG,avg,1561.7858461436276,1594.3190706518244,1719.5054083920097,1820.850665646541,100.0,0.75,6
5000,DP,geom,1844.7383919026931,1818.236038040019,1585.806379033856,1508.7752694608214,100.0,0.75,6
5000,DP,avg,1843.28081105131,1817.3914982650108,1585.683863694613,1508.7752694608212,100.0,0.75,6
10000,NGG,geom,2602.419617940442,2677.4351989131346,2837.9825332581813,2880.1057823792476,100.0,0.75,6
10000,NGG,avg,2592.427752757197,2629.464669259341,2804.4029773558145,2885.473691257159,100.0,0.75,6
10000,DP,geom,3343.5970482061975,3245.292550188838,2776.1349941296858,2512.029888814969,100.0,0.75,6
10000,DP,avg,3337.477828856389,3243.750886224664,2775.997841062319,2512.0298888149687,100.0,0.75,6
100000,NGG,geom,14280.615541057421,14208.263328287978,14724.565879770891,14536.72599333267,100.0,0.75,6
100000,NGG,avg,14035.040695427073,14219.56107954261,14160.759078301617,15153.356611579422,100.0,0.75,6
100000,DP,geom,22508.479537450658,22231.64117365873,20778.226396793765,19436.406275900372,100.0,0.75,6
100000,DP,avg,22502.174970809538,22228.35910244834,20777.905274821445,19436.406275900372,100.0,0.75,6
250000,NGG,geom,25668.76025878285,25266.07257168739,28331.87920388531,28617.638734580312,100.0,0.75,6
250000,NGG,avg,25868.08989489684,26901.455734567135,28878.578522225376,29534.21254783049,100.0,0.75,6
250000,DP,geom,45856.82746947861,45549.917778103,43865.27020091676,42146.96031011807,100.0,0.75,6
250000,DP,avg,45844.4309281535,45548.14070634302,43865.03737451588,42146.96031011808,100.0,0.75,6
5000,NGG,geom,1506.3028845965723,1528.5357584340861,1667.4636136513004,1759.6293292977416,100.0,0.75,2
5000,NGG,avg,1504.5249217118978,1549.2832119924462,1690.09912962091,1786.976832134208,100.0,0.75,2
5000,DP,geom,1818.892622900998,1772.7582140513305,1551.9909350832932,1466.5691232700992,100.0,0.75,2
5000,DP,avg,1817.473138702448,1771.0882540453617,1551.9608063592611,1466.569123270099,100.0,0.75,2
10000,NGG,geom,2442.2086034472777,2499.7013029484633,2640.701282068253,2680.1842607363114,100.0,0.75,2
10000,NGG,avg,2478.2230589295264,2479.388657035377,2646.8437484073415,2787.48647005128,100.0,0.75,2
10000,DP,geom,3261.2564604473746,3184.4436849983194,2730.6783846249027,2427.3242209050195,100.0,0.75,2
10000,DP,avg,3254.382136765961,3183.2649613919484,2730.488160801508,2427.3242209050195,100.0,0.75,2
100000,NGG,geom,13833.236923403567,14037.1456823359,15099.713196434195,14642.417851831533,100.0,0.75,2
100000,NGG,avg,13970.315695730165,14234.95650835352,14441.833464810727,14776.55708040217,100.0,0.75,2
100000,DP,geom,21732.060344057554,21508.064789258147,20160.262663159738,18930.205110667328,100.0,0.75,2
100000,DP,avg,21721.263595427878,21504.69900224512,20160.25599240458,18930.205110667324,100.0,0.75,2
250000,NGG,geom,26127.395019876607,26506.86909382376,27003.84466443413,27983.199046963662,100.0,0.75,2
250000,NGG,avg,26273.466929096136,26773.759982827854,27653.958467075718,27446.639471478215,100.0,0.75,2
250000,DP,geom,44529.07389824813,44227.89933415435,42471.27144474168,40902.97252509892,100.0,0.75,2
250000,DP,avg,44520.76378560404,44226.12705344823,42471.26783464694,40902.97252509892,100.0,0.75,2
5000,NGG,geom,1380.9997652048646,1417.0655275755994,1541.5561575272852,1662.14371541376,1000.0,0.25,7
5000,NGG,avg,1386.1549328913281,1389.355572174855,1553.6250414162837,1635.7651955823799,1000.0,0.25,7
5000,DP,geom,1603.6481663785294,1591.4676222036799,1438.039238012895,1388.7233718188406,1000.0,0.25,7
5000,DP,avg,1599.0957878326356,1589.9923459432698,1438.0392378639315,1388.7233718188409,1000.0,0.25,7
10000,NGG,geom,1752.8120951507933,1775.8589031817562,1938.1374853209318,2045.1914200317415,1000.0,0.25,7
10000,NGG,avg,1763.1770956810583,1807.8021630956987,1903.7759758634027,1981.4725132348478,1000.0,0.25,7
10000,DP,geom,2279.4942662854664,2312.98105206978,2009.2414864952018,1761.6953923501067,1000.0,0.25,7
10000,DP,avg,2268.239384539606,2311.737149342515,2009.2371910659049,1761.6953923501073,1000.0,0.25,7
100000,NGG,geom,57.865386251529344,376.21310551638453,197.9950452613939,471.27056032584005,1000.0,0.25,7
100000,NGG,avg,51.32985024120535,344.65248414517373,715.2047976072208,1584.2556309637375,1000.0,0.25,7
100000,DP,geom,6817.767890560481,6630.499258298592,5666.463994388367,4813.317173048421,1000.0,0.25,7
100000,DP,avg,6802.691961102557,6628.643697447917,5666.42272021148,4813.317173048419,1000.0,0.25,7
250000,NGG,geom,2156.4070131587214,1540.2292889389046,1080.768951767841,2775.8904739104873,1000.0,0.25,7
250000,NGG,avg,2146.8585240550256,1908.8769374781077,3740.9016366715277,3943.2604295383735,1000.0,0.25,7
250000,DP,geom,9869.295233352303,9572.812014827525,8450.67731120994,7288.842780623055,1000.0,0.25,7
250000,DP,avg,9840.85283982292,9567.90983795278,8450.046265164461,7288.842780623052,1000.0,0.25,7
5000,NGG,geom,1401.2082764487602,1412.9895275725144,1580.1085707095597,1644.1331971513578,1000.0,0.25,8
5000,NGG,avg,1404.1067607629225,1421.1612622532364,1584.245918778226,1666.379734573421,1000.0,0.25,8
5000,DP,geom,1603.437213874889,1571.4110476930628,1408.7254297293564,1363.7743136802058,1000.0,0.25,8
5000,DP,avg,1597.4706331715302,1569.2502116445899,1408.5362438387087,1363.774313680206,1000.0,0.25,8
10000,NGG,geom,1594.7157618004458,1640.9337184750095,1822.2685420142247,1986.6040276076112,1000.0,0.25,8
10000,NGG,avg,1549.7028937957919,1643.8323175471353,1826.4430575187826,1994.9405158155203,1000.0,0.25,8
10000,DP,geom,2265.8468376781047,2224.4486307395837,1916.147998541129,1791.412741425628,1000.0,0.25,8
10000,DP,avg,2259.9465787494482,2222.55232109476,1916.0777353644753,1791.4127414256275,1000.0,0.25,8
100000,NGG,geom,80.74743662606306,209.10905544868,878.9511738805468,628.4132383124715,1000.0,0.25,8
100000,NGG,avg,27.51391247474203,9.038687097196089,732.2516666275951,662.248062440578,1000.0,0.25,8
100000,DP,geom,6575.449308017065,6564.286402146814,5605.514646022253,4767.171681952362,1000.0,0.25,8
100000,DP,avg,6558.0647617616705,6557.763599618181,5604.844037816074,4767.171681952364,1000.0,0.25,8
250000,NGG,geom,2364.494130961546,1806.7069010701416,1523.2357993543646,1800.023808189504,1000.0,0.25,8
250000,NGG,avg,2128.6871580707193,2287.439738067813,3737.5687237174734,2136.8335026260684,1000.0,0.25,8
250000,DP,geom,9444.812150555343,9481.894182437783,8109.2784490633385,7109.770268950132,1000.0,0.25,8
250000,DP,avg,9426.106045579778,9477.225935013721,8108.736919974716,7109.770268950129,1000.0,0.25,8
5000,NGG,geom,1497.6217194666438,1510.022619012056,1606.8919043297942,1676.0856856463984,1000.0,0.25,1
5000,NGG,avg,1494.15483002736,1507.163170173796,1608.0598043909117,1685.348371804423,1000.0,0.25,1
5000,DP,geom,1579.7541489682517,1580.3427159979976,1414.797482138849,1322.516513975704,1000.0,0.25,1
5000,DP,avg,1571.958083453111,1579.6725856165722,1414.7437266427312,1322.5165139757041,1000.0,0.25,1
10000,NGG,geom,1555.2847555457724,1609.2857372776111,1700.1775174950906,1943.1335952140046,1000.0,0.25,1
10000,NGG,avg,1556.9329677749733,1609.7770771813787,1776.501538164307,1924.9351047329549,1000.0,0.25,1
10000,DP,geom,2223.8667762144346,2242.592492037028,1848.7824856720947,1735.6472816942792,1000.0,0.25,1
10000,DP,avg,2215.442976808664,2240.7215326436435,1848.672204716625,1735.647281694279,1000.0,0.25,1
100000,NGG,geom,88.38175047330151,202.51780591665738,708.9471066701144,911.530884839688,1000.0,0.25,1
100000,NGG,avg,191.40121312373958,83.77057490685183,505.332759032397,661.6592433931273,1000.0,0.25,1
100000,DP,geom,6482.675761014303,6490.813727328377,5564.052107809308,4721.295243919651,1000.0,0.25,1
100000,DP,avg,6461.177862876115,6487.114966567857,5564.023928379204,4721.295243919652,1000.0,0.25,1
250000,NGG,geom,2013.0731228376408,2013.2868238612064,2194.09663510686,1716.2613912583147,1000.0,0.25,1
250000,NGG,avg,2075.722629714586,1619.3729363808761,2244.2198982976715,3782.2897798451395,1000.0,0.25,1
250000,DP,geom,9154.781391855897,9307.955577491277,8208.48367426448,7111.418002690566,1000.0,0.25,1
250000,DP,avg,9125.78337958776,9303.33453387567,8207.843758325624,7111.418002690569,1000.0,0.25,1
5000,NGG,geom,1418.1573648226204,1477.3324889243731,1646.810842226896,1745.0044693901552,100.0,0.75,10
5000,NGG,avg,1432.040961545961,1464.2599338076493,1624.9360103074569,1738.880480710825,100.0,0.75,10
5000,DP,geom,1783.679498796506,1723.0695593435635,1518.1403863711985,1458.1707917190126,100.0,0.75,10
5000,DP,avg,1780.43277606237,1722.3747834616447,1518.1146399257586,1458.1707917190124,100.0,0.75,10
10000,NGG,geom,2330.478229261149,2368.7167745060933,2568.3917279961443,2690.1797953241658,100.0,0.75,10
10000,NGG,avg,2331.4129085915056,2403.6809702284936,2580.5801220558988,2701.013814911154,100.0,0.75,10
10000,DP,geom,3261.142576845786,3143.6395809741525,2646.976431535735,2377.9789590868277,100.0,0.75,10
10000,DP,avg,3260.4537061674414,3143.1724028989156,2646.9753197882146,2377.9789590868277,100.0,0.75,10
100000,NGG,geom,12479.029655459386,12827.96367218356,13182.807786916454,12997.911845720015,100.0,0.75,10
100000,NGG,avg,12568.0816130338,13023.351936665358,13831.133585481884,13164.295158195346,100.0,0.75,10
100000,DP,geom,20798.755359362985,20553.15777292266,19178.653462178172,17937.584012151605,100.0,0.75,10
100000,DP,avg,20796.750412146754,20552.210247726423,19178.537452017827,17937.5840121516,100.0,0.75,10
250000,NGG,geom,25198.32809454513,25696.875653790572,27195.6045377169,26882.53634896234,100.0,0.75,10
250000,NGG,avg,24539.180344146767,25575.587739967228,25679.572950059002,26515.613296438256,100.0,0.75,10
250000,DP,geom,42402.814893261835,42101.46511850327,40379.07395052843,38825.863213396195,100.0,0.75,10
250000,DP,avg,42396.683317059076,42099.009441248,40379.073446867595,38825.863213396195,100.0,0.75,10
5000,NGG,geom,1431.7662821097747,1488.7108534979943,1650.3385607133591,1750.1633457585483,100.0,0.75,8
5000,NGG,avg,1453.3056976226208,1470.6019575019352,1647.2384828681652,1761.043152107041,100.0,0.75,8
5000,DP,geom,1778.0876558238635,1717.950770235815,1518.6097274557783,1468.5952992570212,100.0,0.75,8
5000,DP,avg,1776.244709112672,1716.8044477171304,1518.5925055114935,1468.5952992570212,100.0,0.75,8
10000,NGG,geom,2257.573287748488,2312.9816764677653,2526.221857002847,2663.512287826039,100.0,0.75,8
10000,NGG,avg,2291.424216893829,2326.790595907319,2555.4927923015157,2642.0308538689287,100.0,0.75,8
10000,DP,geom,3212.7546899513236,3118.1471809114073,2628.3790075488478,2378.114074756164,100.0,0.75,8
10000,DP,avg,3209.9866566869423,3116.786035284943,2628.307580470948,2378.114074756164,100.0,0.75,8
100000,NGG,geom,12538.430941947123,12803.876642625492,12784.376041664138,12825.763345140505,100.0,0.75,8
100000,NGG,avg,12489.390468137406,12562.716418159795,13231.510367500126,13449.31003006911,100.0,0.75,8
100000,DP,geom,20685.09928795988,20521.99462359017,19165.56440786342,18002.614278204168,100.0,0.75,8
100000,DP,avg,20680.340454514513,20520.791480365413,19165.55185040243,18002.614278204164,100.0,0.75,8
250000,NGG,geom,24569.041196077535,24811.291319018903,27602.701332295197,29189.300243952035,100.0,0.75,8
250000,NGG,avg,24092.098734733143,24928.347077949566,27426.942029272323,27415.109551179517,100.0,0.75,8
250000,DP,geom,42554.73799811363,42213.49816053795,40627.89495246845,39071.231650370646,100.0,0.75,8
250000,DP,avg,42547.79078662066,42209.96411205977,40627.89426327244,39071.231650370646,100.0,0.75,8
5000,NGG,geom,1462.6931450459347,1509.9247667787802,1651.626200718139,1751.4103415047912,100.0,0.75,3
5000,NGG,avg,1478.384766942189,1503.554924214605,1666.5545438939816,1753.2430293193415,100.0,0.75,3
5000,DP,geom,1796.549897786948,1771.302790575609,1526.9532263310152,1471.459396082989,100.0,0.75,3
5000,DP,avg,1793.981960061809,1770.1768504865415,1526.9519748946304,1471.4593960829893,100.0,0.75,3
10000,NGG,geom,2358.419424193864,2381.343895443821,2567.5446801805433,2650.057483623662,100.0,0.75,3
10000,NGG,avg,2344.6537972509846,2404.6944647610476,2549.8966748272946,2601.4003096520323,100.0,0.75,3
10000,DP,geom,3260.54710540271,3166.9305936856817,2660.240986991186,2351.9614122827666,100.0,0.75,3
10000,DP,avg,3258.4349110808153,3165.8783183797514,2660.2108742206715,2351.961412282767,100.0,0.75,3
100000,NGG,geom,12748.783285673308,12978.260752152575,13197.224397721104,13016.982875848575,100.0,0.75,3
100000,NGG,avg,12665.431582529172,12898.903054277816,13765.378809245683,13429.22642911739,100.0,0.75,3
100000,DP,geom,20955.154550068208,20697.131716105527,19300.159581802884,18082.20696845463,100.0,0.75,3
100000,DP,avg,20953.639626091877,20694.818186451226,19300.069466006335,18082.20696845463,100.0,0.75,3
250000,NGG,geom,24893.441840366824,24906.447360721504,27734.103233002097,24855.84312374899,100.0,0.75,3
250000,NGG,avg,24447.689305419637,24681.34391883709,25547.520796752062,27230.46068366527,100.0,0.75,3
250000,DP,geom,42558.357549139175,42278.87397876695,40592.98688952468,39052.6004964232,100.0,0.75,3
250000,DP,avg,42554.158142240936,42276.6546861473,40592.98050758717,39052.6004964232,100.0,0.75,3
5000,NGG,geom,1398.202375865205,1429.322827573802,1546.2689793876757,1677.0200466454176,1000.0,0.25,2
5000,NGG,avg,1390.6104945569962,1434.92611463787,1530.9719745987484,1645.6026727081635,1000.0,0.25,2
5000,DP,geom,1583.4851351293291,1612.6768531201078,1418.8081288674134,1384.3528877291278,1000.0,0.25,2
5000,DP,avg,1574.8155123267559,1610.3521646601935,1418.806857947381,1384.3528877291278,1000.0,0.25,2
10000,NGG,geom,1689.133592914924,1742.092429848239,1865.7550552082414,2034.5451237484301,1000.0,0.25,2
10000,NGG,avg,1674.9295211805031,1708.4981821697238,1934.9955289286627,2103.7251246879614,1000.0,0.25,2
10000,DP,geom,2377.58768265844,2318.7117434777592,1989.6757496998512,1783.6210563041839,1000.0,0.25,2
10000,DP,avg,2369.35569511221,2316.660978813119,1989.0721305051372,1783.6210563041839,1000.0,0.25,2
100000,NGG,geom,65.73750907861177,397.34404499485026,659.2697315833466,373.9846555603781,1000.0,0.25,2
100000,NGG,avg,190.99188360377957,178.5095302366608,924.104567363589,647.0084371457378,1000.0,0.25,2
100000,DP,geom,6833.423863905069,6766.019545913572,5741.227376691256,4845.645770946183,1000.0,0.25,2
100000,DP,avg,6813.094154136325,6759.989793533368,5741.199101329658,4845.645770946179,1000.0,0.25,2
250000,NGG,geom,2066.831003766458,2458.408633210245,3442.094500175037,2745.214258484133,1000.0,0.25,2
250000,NGG,avg,2102.467001610805,2133.43263069531,2491.737026314793,3766.844143110491,1000.0,0.25,2
250000,DP,geom,9772.843758907944,9541.108242753051,8363.345954196877,7261.205921975668,1000.0,0.25,2
250000,DP,avg,9742.463010752432,9536.1234126397,8363.060176320181,7261.205921975672,1000.0,0.25,2
5000,NGG,geom,1450.984439899524,1462.8782390730462,1574.958343196469,1670.0219453666373,1000.0,0.25,9
5000,NGG,avg,1445.1863910994648,1453.6778059412823,1598.6230981565416,1684.6932869182508,1000.0,0.25,9
5000,DP,geom,1545.6716238005922,1547.636183892195,1416.8286223289474,1359.1404331424505,1000.0,0.25,9
5000,DP,avg,1538.4191976024017,1546.3811665459978,1416.810252409819,1359.1404331424503,1000.0,0.25,9
10000,NGG,geom,1776.7091874986481,1822.8258777635808,1989.6654674226775,2057.172788075211,1000.0,0.25,9
10000,NGG,avg,1781.5311879739945,1834.1843298934537,1963.0300618167548,2065.113404698894,1000.0,0.25,9
10000,DP,geom,2332.506086938688,2291.508693869307,1948.1009860263441,1780.32807456462,1000.0,0.25,9
10000,DP,avg,2324.099095105433,2288.5631135987014,1947.7025023263027,1780.3280745646198,1000.0,0.25,9
100000,NGG,geom,570.7364039038948,538.0198941907875,1308.663415507036,1086.5367877146637,1000.0,0.25,9
100000,NGG,avg,331.90606401477635,803.344432621433,711.0413434584825,1007.9221575199708,1000.0,0.25,9
100000,DP,geom,6748.182773630531,6800.216787548285,5736.598490368933,4938.03576064303,1000.0,0.25,9
100000,DP,avg,6723.056995162458,6794.584887655377,5736.369043949496,4938.035760643028,1000.0,0.25,9
250000,NGG,geom,2145.2273589724336,1895.432122723385,2514.7079522178374,3556.9310451677575,1000.0,0.25,9
250000,NGG,avg,2170.974535890582,1871.3740182298097,2679.7011936176496,2196.0154340971985,1000.0,0.25,9
250000,DP,geom,9750.893712683035,9573.613339538097,8351.780889829519,7290.991531725767,1000.0,0.25,9
250000,DP,avg,9724.846841587689,9569.558948540589,8351.696801666103,7290.991531725767,1000.0,0.25,9
5000,NGG,geom,1471.7264207438689,1492.878677983349,1663.9589479708957,1767.405196148113,100.0,0.75,9
5000,NGG,avg,1465.720657583926,1495.7242348601853,1648.645754846898,1756.142923341175,100.0,0.75,9
5000,DP,geom,1825.3472641301823,1765.0688951736074,1530.3242656578586,1465.1367504334926,100.0,0.75,9
5000,DP,avg,1823.7066649396227,1764.3979538329008,1530.0722236213237,1465.1367504334924,100.0,0.75,9
10000,NGG,geom,2344.435706159621,2411.4750146890365,2609.3976282790763,2712.885120230587,100.0,0.75,9
10000,NGG,avg,2368.0752481535865,2420.5045618061167,2520.27410822278,2670.804038500368,100.0,0.75,9
10000,DP,geom,3251.116600889656,3152.6839345879334,2644.810027055162,2400.1910724235304,100.0,0.75,9
10000,DP,avg,3249.681284514889,3152.2285718980147,2644.809532597169,2400.1910724235304,100.0,0.75,9
100000,NGG,geom,12653.893034855751,13019.628402308437,13183.477444222608,13189.124263322532,100.0,0.75,9
100000,NGG,avg,12722.591351306506,13086.520089147432,13783.317406962939,14026.182465801261,100.0,0.75,9
100000,DP,geom,21046.359244393905,20774.384183953098,19429.24075350726,18205.851085862647,100.0,0.75,9
100000,DP,avg,21042.79508197932,20772.867709094982,19429.207399043215,18205.851085862647,100.0,0.75,9
250000,NGG,geom,24343.016610302093,25055.68613416659,27950.281569050443,27338.195461920892,100.0,0.75,9
250000,NGG,avg,24788.71151972362,24657.420523117748,25147.991753761627,26382.377842231526,100.0,0.75,9
250000,DP,geom,42792.334195098636,42464.235351596006,40839.34006221959,39261.87129308255,100.0,0.75,9
250000,DP,avg,42786.917860237234,42463.048254051995,40839.28358770458,39261.87129308254,100.0,0.75,9
