"(0, 1]","(1, 4]","(4, 16]","(16, 64]","(64, 256]","(256, Inf]",Model,J,DataGen,Params,repnum
31.664045698187106,64.69713412737853,378.3831737545815,1081.6064992965282,2172.473484669885,14879.39984521493,DP,50,py,"[10.0, 0.25]",4
31.641023749110374,64.68336539717998,378.3953172192819,1081.6470487367822,2172.4736455581888,14879.400000560952,DP,100,py,"[10.0, 0.25]",4
33.33470097192842,65.07589004156198,378.3018184341622,1081.3911680927547,2172.2332099936225,14879.437435208627,DP,500,py,"[10.0, 0.25]",4
59.58073942309207,143.11948869141577,376.24807630307214,1075.3693356242936,2159.486653055376,14792.15465093299,DP,1000,py,"[10.0, 0.25]",4
0.9999996679616067,2.706421778677802,8.956043670984444,33.64705849468327,134.78947288495075,3016.862499217659,NGG,50,py,"[10.0, 0.25]",4
1.1845195223163745,2.6669448538530616,8.730641207972301,33.634835225314895,134.77903764665166,3016.861797557117,NGG,100,py,"[10.0, 0.25]",4
15.759132736455156,34.89708138952718,215.98869339725925,590.8477260528861,1235.0734977125423,7612.548437152154,NGG,500,py,"[10.0, 0.25]",4
28.836027491736665,69.04998926174231,187.7523119083255,534.3978539977923,1022.2713775842151,7843.444180791696,NGG,1000,py,"[10.0, 0.25]",4
498.1616431124796,504.30647819739727,525.560463230361,607.7114367088504,842.9898434839766,1799.0016174580833,DP,50,py,"[10.0, 0.75]",4
341.817346393846,354.384616936123,392.899965760832,565.2007733584516,1051.0711596482888,2597.624960776593,DP,100,py,"[10.0, 0.75]",4
83.85405614195507,100.47093187518661,126.79564533525881,285.79088128107986,747.6835576206515,2093.5083958111904,DP,500,py,"[10.0, 0.75]",4
179.8399879871446,163.64247596494508,281.51616681336077,343.62498580159286,700.6125997215365,2192.0783102300447,DP,1000,py,"[10.0, 0.75]",4
0.9951157989273017,2.5439777980519613,8.264789089742271,31.982433644020173,125.4506619603402,1914.7648168989044,NGG,50,py,"[10.0, 0.75]",4
0.9668096486950322,2.516276844454656,8.238092609181084,31.96062008861816,125.45324194820047,1915.003011992832,NGG,100,py,"[10.0, 0.75]",4
21.99139296113637,22.376688323068766,20.543934209884586,25.62539943402774,58.150315144171046,1841.4816318926362,NGG,500,py,"[10.0, 0.75]",4
62.23558148006969,65.93800360488376,75.14427194424566,132.49947662065588,253.65234197365064,1512.438158476445,NGG,1000,py,"[10.0, 0.75]",4
124.30561557932964,144.33888143741797,264.57779702576914,783.217047415821,2182.2894422356876,5998.801004373685,DP,50,py,"[100.0, 0.25]",4
82.50381177438047,108.95320885733513,233.03473232943614,773.1561424422065,2203.138268115636,6079.388973635201,DP,100,py,"[100.0, 0.25]",4
76.19595652292804,118.15740165516944,232.19014979125862,773.351428095731,2123.523527030758,5904.641943446604,DP,500,py,"[100.0, 0.25]",4
258.31580920683314,318.4362462427695,338.5917851207817,799.2156525737525,2174.5339509739733,6177.14668239142,DP,1000,py,"[100.0, 0.25]",4
0.9999775932452578,2.673169126488396,9.086843325109264,32.5963028138877,127.50627255846396,1090.1503173460278,NGG,50,py,"[100.0, 0.25]",4
0.9963408468793967,2.668852173561086,9.081868161842944,32.589832393269,127.50051057309368,1090.1485908347815,NGG,100,py,"[100.0, 0.25]",4
18.753985011452645,26.76887387517447,63.60958305074421,152.61342827523586,514.5438787903138,1200.4790191551974,NGG,500,py,"[100.0, 0.25]",4
147.26163127356466,175.31860723762978,195.03864269805186,461.5071359837612,1185.2195306485103,2918.9519398461534,NGG,1000,py,"[100.0, 0.25]",4
61.60032267519419,60.1177845686665,55.2457686972443,34.686585095514666,51.46090465613399,650.1230296164704,DP,50,py,"[100.0, 0.75]",4
101.33465601291493,100.21465310202933,97.41530869956932,87.8725233543267,54.04150368880835,498.64643616314237,DP,100,py,"[100.0, 0.75]",4
106.38521238740951,106.91890212881559,121.0328886345253,175.05130642703958,273.981796179858,482.32392138697355,DP,500,py,"[100.0, 0.75]",4
131.13685893085034,127.6209836115107,151.3152814764848,210.7404015372048,372.2814812450637,674.3803842175523,DP,1000,py,"[100.0, 0.75]",4
4.506293026148715,2.966747897932374,3.0664010233695853,26.07155473529856,114.64865212233508,746.1802623313088,NGG,50,py,"[100.0, 0.75]",4
0.542695410845035,1.049003902988263,6.733413157897619,30.300512397623375,119.34306187527592,753.0895779478989,NGG,100,py,"[100.0, 0.75]",4
19.02362566161908,17.746241296275468,13.987503441845764,15.094023719053792,75.58251449376844,686.8654712689712,NGG,500,py,"[100.0, 0.75]",4
38.62970628431661,38.24345093158849,35.95845664274688,35.86110360056387,56.438059340801686,623.2693944838414,NGG,1000,py,"[100.0, 0.75]",4
32.05965334246948,30.505171905225453,24.74413289961227,11.411895735988237,86.97839792755951,359.8391554760903,DP,50,py,"[1000.0, 0.25]",4
63.76787445854274,62.33530442794333,58.18570825998648,39.52549267418232,47.44111449906094,283.99695252505495,DP,100,py,"[1000.0, 0.25]",4
107.55818649940748,113.38923404011095,123.65854550587733,162.69663480245237,263.8282187734648,383.8800234107334,DP,500,py,"[1000.0, 0.25]",4
135.51756440580087,144.0716736561467,163.33760488326095,203.14386675917996,365.8370895199767,558.05420382865,DP,1000,py,"[1000.0, 0.25]",4
0.9999896249020086,2.7224192565437195,8.912054375199636,32.865551739140315,125.00880692195659,404.2641420261955,NGG,50,py,"[1000.0, 0.25]",4
0.8571760991133662,2.578749507823885,8.762873116572631,32.702865306194795,124.79536651606043,403.95064465708776,NGG,100,py,"[1000.0, 0.25]",4
33.37234293367738,33.04297681645507,28.48934072604199,20.341739666516748,65.30551908635583,337.1060153499054,NGG,500,py,"[1000.0, 0.25]",4
74.61315954094378,77.46810924799958,82.7692408249109,89.86414790738662,123.30328168165033,139.07938523021787,NGG,1000,py,"[1000.0, 0.25]",4
5.064728964701642,3.5319199265331647,2.6615357150852854,23.80463533741536,107.30884112480591,380.1626575319749,DP,50,py,"[1000.0, 0.75]",4
10.94024701212237,9.418577048508782,4.46959444240972,17.598604981151595,100.41365330510799,371.53943778877107,DP,100,py,"[1000.0, 0.75]",4
40.234793409505755,39.28174945922737,34.990573388963085,21.495114564188196,54.627937268990685,274.4899287696879,DP,500,py,"[1000.0, 0.75]",4
55.89391760632298,55.1862125743915,53.36773564982789,45.11364365707733,55.722429688425635,170.03143601218812,DP,1000,py,"[1000.0, 0.75]",4
0.5692367574479533,2.1088587472326856,7.753166305035502,29.529853066960495,113.25143388723865,386.67796633637755,NGG,50,py,"[1000.0, 0.75]",4
3.34274171314232,1.8136858809911423,3.8138864061015987,25.477664281453627,108.90759184434627,381.58540798967204,NGG,100,py,"[1000.0, 0.75]",4
18.932886716835462,17.663933675134896,12.66085596863612,11.24599712597141,82.61885888122706,338.14864766883994,NGG,500,py,"[1000.0, 0.75]",4
39.91333043493317,39.090187440392995,35.77272575843964,26.57068274140611,51.01419343376378,255.59969595074162,NGG,1000,py,"[1000.0, 0.75]",4
43.73289566718511,80.60281763390542,445.1343848808808,807.1304784595588,3042.475614881821,11980.41612050734,DP,50,py,"[10.0, 0.25]",2
43.770217459121746,80.62781740138352,445.2646455478202,807.2148805553941,3042.4807575232617,11980.415378364214,DP,100,py,"[10.0, 0.25]",2
43.738083002734385,132.73157536905975,474.12831212009274,819.2793826704915,3038.8661020857553,11959.499060486853,DP,500,py,"[10.0, 0.25]",2
43.504702826926746,80.13251538410236,442.5606652144474,802.2064166512592,3023.574981143036,11911.646831222524,DP,1000,py,"[10.0, 0.25]",2
0.9999996660659167,2.6952377761166817,9.14893590975787,34.153845807374886,133.17307629903317,3685.5230762369774,NGG,50,py,"[10.0, 0.25]",2
0.9809397397572074,2.6746408291609267,9.122110735962025,34.127459800578166,133.15532804760437,3685.51038893238,NGG,100,py,"[10.0, 0.25]",2
21.383336206744474,37.9078881683173,149.1119786793013,265.7970305919941,632.3049161864429,4954.938969653983,NGG,500,py,"[10.0, 0.25]",2
22.236630383595003,40.60615735484978,214.4966347074688,393.4099661142103,1419.9152297461742,6003.535788714898,NGG,1000,py,"[10.0, 0.25]",2
319.78569623296613,320.9559674399824,328.3513598274691,365.501303065954,415.3637926376357,852.5030096439516,DP,50,py,"[10.0, 0.75]",2
313.0365444772428,319.2000194297553,362.4772940239729,553.2458771651721,1010.337073811389,3087.1401121655235,DP,100,py,"[10.0, 0.75]",2
91.41713576185622,103.24945775091338,144.7789152427712,352.5867328660306,884.747542415557,3165.4826390905428,DP,500,py,"[10.0, 0.75]",2
170.08444826952524,205.4588075122321,260.9324946678883,443.1146102594543,1258.653831405457,3911.4274949525657,DP,1000,py,"[10.0, 0.75]",2
0.9999758590955315,2.5356398265374356,8.244651620346618,31.098050388919447,121.68810494604065,1387.9043363926473,NGG,50,py,"[10.0, 0.75]",2
0.7957404636336292,2.3263433273940843,8.012100629808549,30.802419772624408,121.27072109483343,1386.823729334008,NGG,100,py,"[10.0, 0.75]",2
24.454722386746532,24.713238729314813,25.193549061018793,24.559454735884387,55.00513614898042,1307.6119265636496,NGG,500,py,"[10.0, 0.75]",2
54.151414439840075,59.68434162191925,76.08709911518451,108.98790964572086,194.39852310477727,1071.5796825328966,NGG,1000,py,"[10.0, 0.75]",2
117.8388728696852,168.48185460724287,300.2438618074402,601.9683270995805,1830.138052417586,4948.720306832034,DP,50,py,"[100.0, 0.25]",2
71.7364342089381,127.74971807180368,272.33218218933064,613.9807882293532,1906.3060643043952,5104.1688289623535,DP,100,py,"[100.0, 0.25]",2
62.52525050741422,140.4700764859192,269.54927061210117,588.7110746749671,1861.0799493665031,4866.7771666341205,DP,500,py,"[100.0, 0.25]",2
288.36476732528826,309.1888012623917,350.107546656335,646.7609934106841,1766.1213900978705,4416.197383392251,DP,1000,py,"[100.0, 0.25]",2
0.9999895773088171,2.6778295244015924,8.706489015039795,31.336382663993792,135.37606087137252,873.5757523381972,NGG,50,py,"[100.0, 0.25]",2
0.9879189930586226,2.6644498532389664,8.690071310905257,31.309897892122237,135.30062981948714,873.3273844039792,NGG,100,py,"[100.0, 0.25]",2
10.270726404972734,21.712405339033158,56.76580283475191,121.44297690196703,258.7641167080382,676.9260251654507,NGG,500,py,"[100.0, 0.25]",2
182.46256212046399,198.22021318686416,217.505040936052,400.5740396506235,1079.8947496819042,2609.231543055015,NGG,1000,py,"[100.0, 0.25]",2
60.268180651893424,59.05675798742144,53.627366982992534,32.896426102512606,53.41759491865706,613.6741227918338,DP,50,py,"[100.0, 0.75]",2
103.02505307684348,102.73933092658295,99.49718144047351,88.04694177043285,55.00314036604104,461.56822202658475,DP,100,py,"[100.0, 0.75]",2
105.67158813076237,113.48482665180705,120.21137423124958,158.80120058512037,264.06092075002556,584.9470363081101,DP,500,py,"[100.0, 0.75]",2
133.44982520679608,139.75660767592797,146.20883341025126,183.49130689241508,385.02310857238155,815.1196316835463,DP,1000,py,"[100.0, 0.75]",2
0.9850521787763612,2.518300285009596,8.247638439014029,31.459938377778343,121.14262374277226,713.6375769708911,NGG,50,py,"[100.0, 0.75]",2
0.6476534676564158,2.1790199581857705,7.905508509815807,31.102422570575037,120.7422360359579,713.0407878504703,NGG,100,py,"[100.0, 0.75]",2
25.079408312196957,24.227597766214448,20.678567737967374,14.93174770281448,69.32434020187026,650.0407303392425,NGG,500,py,"[100.0, 0.75]",2
54.35241681889521,54.79426928573447,55.478696844067414,58.520794373588934,67.19552738904986,535.432499128988,NGG,1000,py,"[100.0, 0.75]",2
32.20600587987819,30.64408336784478,24.81054830898811,11.499484279756198,85.71575464549801,347.62209760971376,DP,50,py,"[1000.0, 0.25]",2
61.01536336600886,59.579006143940866,54.67576924041508,36.74324579052635,47.73133077730991,280.808553831252,DP,100,py,"[1000.0, 0.25]",2
106.289824203744,108.8774198312602,117.75521110080115,152.00725187352222,250.17365186815843,321.7800341093083,DP,500,py,"[1000.0, 0.25]",2
138.35610914888895,138.0770793893077,154.47295765070305,213.80830400502924,371.9655756013324,533.6695140055168,DP,1000,py,"[1000.0, 0.25]",2
0.9962338380510936,2.688203657773874,8.78068561305941,33.09336356372122,124.0543987827181,392.4556239023147,NGG,50,py,"[1000.0, 0.25]",2
0.20128239169148682,1.5909389910390064,7.667910557949964,31.883207987411783,122.61016000550462,390.5999460898217,NGG,100,py,"[1000.0, 0.25]",2
33.79024792179596,32.75881256472954,29.107909509755398,22.045489424437292,60.278141565276556,311.426647113042,NGG,500,py,"[1000.0, 0.25]",2
66.45387155950205,65.73704961697511,67.52300553602996,77.56885042473722,95.48451814682257,162.44529660323332,NGG,1000,py,"[1000.0, 0.25]",2
4.6048429997960065,3.061469525409179,2.93558847397271,24.957746188055392,109.12102683977253,376.47620784304047,DP,50,py,"[1000.0, 0.75]",2
10.098887981635784,8.573579518089606,3.872821974593237,19.1982197770573,102.64463391177654,368.3507789162179,DP,100,py,"[1000.0, 0.75]",2
38.859351655930354,37.71220685447582,33.62917196543228,19.966001764013455,54.63711839742575,275.6866937668545,DP,500,py,"[1000.0, 0.75]",2
54.62512112101644,53.85740883620748,51.742946840470324,44.575321464627784,54.8290941406173,168.96160175632693,DP,1000,py,"[1000.0, 0.75]",2
0.319721011084613,1.2259766443793743,6.946076101498485,29.3118849106116,113.63444663115986,381.3873580176608,NGG,50,py,"[1000.0, 0.75]",2
1.8699736122702388,0.7402120230951648,5.380093806203244,27.683720502045535,111.79789294249942,379.0637688580614,NGG,100,py,"[1000.0, 0.75]",2
19.36219098342256,18.009255038487094,13.10489641235301,11.593509650147327,82.5798912233524,331.80184149878085,NGG,500,py,"[1000.0, 0.75]",2
40.34925256218898,39.349602008671035,36.18783284023495,26.85292538616652,48.91749000171529,256.90902979553465,NGG,1000,py,"[1000.0, 0.75]",2
68.70796453961232,206.22222208869303,647.1296293213126,511.8269224124113,4949.0714271933675,10409.825955296707,DP,50,py,"[10.0, 0.25]",9
68.70796456868483,206.22222218550277,647.1296296125493,511.82692306955624,4949.071428570111,10409.826086955554,DP,100,py,"[10.0, 0.25]",9
68.67975406465288,206.21197604000886,645.2797547496798,511.7577748510449,4938.472463044286,10397.900245067382,DP,500,py,"[10.0, 0.25]",9
660.8294584719995,1599.9945127370931,644.4885252007133,509.62381029071963,4928.661539927075,10376.313833754002,DP,1000,py,"[10.0, 0.25]",9
0.9999984961080894,2.6944435211479725,8.962962474372466,35.461538248457245,130.71428567132853,5297.934782605878,NGG,50,py,"[10.0, 0.25]",9
0.8431866633762015,2.546978510918803,8.558442848560908,35.44018636086205,130.68040358799922,5297.85477391742,NGG,100,py,"[10.0, 0.25]",9
33.870166343691494,105.27783941794593,91.86654177272816,239.87600891595213,1115.494708322826,5711.2652911689365,NGG,500,py,"[10.0, 0.25]",9
364.5091740361011,885.2478486746893,351.08186606822215,251.06990321583314,2688.474203407466,6732.2596746758845,NGG,1000,py,"[10.0, 0.25]",9
168.07401342350366,167.71053771116095,164.3454101163158,155.32400409249385,115.62160138342693,852.686082848354,DP,50,py,"[10.0, 0.75]",9
242.64151561631408,245.223655590571,250.75727695741105,294.2608082905871,427.1778923029374,825.6298453073824,DP,100,py,"[10.0, 0.75]",9
102.78011449676389,114.8911079071042,126.69018617633901,241.83227427713254,648.0197939726379,1785.7550016058872,DP,500,py,"[10.0, 0.75]",9
165.5416628225518,165.23746052202682,189.05084076306272,288.0886764730279,593.2397705261646,1637.224354394317,DP,1000,py,"[10.0, 0.75]",9
0.9990980062584551,2.52607285201217,8.171036304048053,31.26692395122813,119.25570361384855,1224.3426361045365,NGG,50,py,"[10.0, 0.75]",9
0.9359476489492532,2.4625732545398895,8.107495247745062,31.203292093618177,119.19250839973783,1224.296753941966,NGG,100,py,"[10.0, 0.75]",9
25.213761709283336,24.80982210091735,22.10908674690118,19.141365480060053,57.60684095951679,1155.5412164721047,NGG,500,py,"[10.0, 0.75]",9
52.217757564085694,53.34364886661918,57.99374570096754,79.39125668497228,134.17861463818747,965.2171910460688,NGG,1000,py,"[10.0, 0.75]",9
113.36974618851809,147.90425409859276,326.21619325186435,899.5978778748581,1971.0261962546163,4694.255497380668,DP,50,py,"[100.0, 0.25]",9
68.56372652309832,105.8554400143085,310.2445161366348,902.0422099284613,2048.2985262098896,4832.987332863181,DP,100,py,"[100.0, 0.25]",9
57.324761370536905,99.41655261110321,303.2668844214506,859.3367384903001,1965.7401954437803,4689.491203051301,DP,500,py,"[100.0, 0.25]",9
281.6445005922562,287.0547156642297,469.99632043197835,878.3103270216009,1780.0746479869902,4148.969622249803,DP,1000,py,"[100.0, 0.25]",9
0.9998790029470793,2.7244531777823333,8.991450760106725,33.29984313461531,134.96615677379273,986.5759771728699,NGG,50,py,"[100.0, 0.25]",9
0.9956697244261397,2.720213139597102,8.986946096262713,33.294561684951105,134.95779876082577,986.5451529272218,NGG,100,py,"[100.0, 0.25]",9
11.09188461381508,24.61094107557577,59.8825128132802,181.3882900126435,310.9017145959169,706.6820973288566,NGG,500,py,"[100.0, 0.25]",9
165.89057465294314,167.23749167316421,276.46517869570863,514.8962468376111,1020.3288286388334,2150.8613782835314,NGG,1000,py,"[100.0, 0.25]",9
71.77823721508122,70.49370901454978,65.75507059009315,46.91913240890514,41.08069061932614,655.9550145260687,DP,50,py,"[100.0, 0.75]",9
108.95373799485314,108.37610900533947,105.579173165032,94.2220057476471,64.54651556618111,507.61681524791726,DP,100,py,"[100.0, 0.75]",9
107.39208711280908,111.6870988402018,126.48059283664308,186.34547331808847,352.56136075009215,705.0371402040163,DP,500,py,"[100.0, 0.75]",9
136.27867829196524,143.59972023917584,156.75723615571823,239.9658189332318,448.4027036833847,875.6040972470647,DP,1000,py,"[100.0, 0.75]",9
0.9999064662480509,2.5452680883834513,8.30468391581624,30.989871602587154,119.15377159361279,782.6287410836296,NGG,50,py,"[100.0, 0.75]",9
0.8064439757958027,2.351481383216705,8.109614016884958,30.79084008887882,118.94102350097029,782.3807231143394,NGG,100,py,"[100.0, 0.75]",9
23.604557365902487,22.595064358683064,18.50794219464581,13.61719434397227,69.55767250590348,723.7548944352833,NGG,500,py,"[100.0, 0.75]",9
47.18620658536235,48.1978517043972,46.74693616917571,49.080870187635604,61.3403953667164,617.5474566987392,NGG,1000,py,"[100.0, 0.75]",9
35.51306189676939,34.00907856446785,28.17762716300326,12.359681207663066,81.76805626606036,370.32825533015045,DP,50,py,"[1000.0, 0.25]",9
67.64980515068083,66.08081804885444,61.747370373927986,43.55931580346162,44.58516027566026,288.5953480715318,DP,100,py,"[1000.0, 0.25]",9
107.50931911715543,109.95487639660864,124.28527065209228,163.7599441937146,291.0852767924227,392.6767862145976,DP,500,py,"[1000.0, 0.25]",9
136.26200201254534,151.30762059095144,164.1580144779114,228.0058275605482,432.3920342946574,683.3500692550244,DP,1000,py,"[1000.0, 0.25]",9
0.9992433949155146,2.6776868022507614,8.903720307652677,33.237569977813976,124.43726393105393,420.8770877192196,NGG,50,py,"[1000.0, 0.25]",9
0.32565155978085863,2.0005638126254164,8.209430534897296,32.48853564974212,123.51156479463644,419.65530842588646,NGG,100,py,"[1000.0, 0.25]",9
36.17664196752788,35.75674116995301,32.03756254422527,23.93549106491854,58.150999730761626,337.6853457228913,NGG,500,py,"[1000.0, 0.25]",9
69.91220835957492,75.49719109979637,76.41074665069989,89.3250495287147,114.07664806294237,165.66350474900713,NGG,1000,py,"[1000.0, 0.25]",9
5.5992094579965235,4.068724271687615,2.5036633110949302,23.39386608018773,107.63896366196239,360.60865974551956,DP,50,py,"[1000.0, 0.75]",9
11.582571219166372,10.072621306624319,4.998195347404008,17.07002890820872,100.56858071283709,351.89305329891937,DP,100,py,"[1000.0, 0.75]",9
41.07519106718958,39.81886026817526,36.03432186439009,22.497772507411995,52.75432478980294,261.34460675213035,DP,500,py,"[1000.0, 0.75]",9
56.04563310387197,54.82093722884266,51.86931069367739,46.288859203045334,56.7141064407337,156.5737797684361,DP,1000,py,"[1000.0, 0.75]",9
0.32442668503787475,1.8541427281190577,7.455810666719769,29.428306838160566,113.93385116682263,367.49738711827,NGG,50,py,"[1000.0, 0.75]",9
1.7716648687341647,0.711536190946774,5.340599892577616,27.239999222183716,111.54743586195882,364.6795515886428,NGG,100,py,"[1000.0, 0.75]",9
19.89874250907944,18.50023201665742,13.802811262043083,11.44542029580549,81.16744997956977,317.61253866464847,NGG,500,py,"[1000.0, 0.75]",9
40.31952319717241,39.191639185589565,35.18291483909302,27.480217555499543,50.57456678682699,247.27290228149295,NGG,1000,py,"[1000.0, 0.75]",9
25.98434901144007,354.0290704867628,141.16654844052582,990.4124645536805,2617.2749729328216,24954.134330393987,DP,50,py,"[10.0, 0.25]",6
25.984098819563833,354.0289657887252,141.16618123208642,990.4123755064508,2617.274547241166,24954.13351970784,DP,100,py,"[10.0, 0.25]",6
25.92670386574095,352.66925463364777,140.9913919959414,989.1868526266271,2609.5426114179672,24942.3780010354,DP,500,py,"[10.0, 0.25]",6
102.72758309895052,394.6968170271768,164.03683153314512,986.645153944526,2604.6989389921914,24815.253335439742,DP,1000,py,"[10.0, 0.25]",6
0.9999980155126114,2.689318105148878,8.08333246925754,34.012497689042014,119.6249897862375,3606.021659328525,NGG,50,py,"[10.0, 0.25]",6
0.9708162084404264,2.6643763426656384,8.064643074815322,34.008634837436986,119.62479339547288,3606.0296481438286,NGG,100,py,"[10.0, 0.25]",6
12.897509385026023,62.58393366435763,71.5617069646182,431.2518944204179,760.4062749590464,13212.519483750457,NGG,500,py,"[10.0, 0.25]",6
55.31795238724019,220.9563755974718,84.41414347330944,536.0609026316371,1418.9859461525841,11298.658451528936,NGG,1000,py,"[10.0, 0.25]",6
230.33459333378065,230.59496395285584,233.53746622918388,238.10920738484137,252.85384786543995,801.5821538571271,DP,50,py,"[10.0, 0.75]",6
282.6973397130827,288.7686201717871,321.3206245575135,413.8258252450234,752.0100145340774,1394.0363174295753,DP,100,py,"[10.0, 0.75]",6
96.31744702035698,109.79570061857635,161.2012887766409,321.43455683500576,944.0533820653102,2587.8493187824643,DP,500,py,"[10.0, 0.75]",6
180.23054246136522,164.21303848513,208.13940393388032,373.04519702864974,1051.0752592429335,2324.6052522490913,DP,1000,py,"[10.0, 0.75]",6
0.9999452560721811,2.5188411568556046,8.315500771431118,31.623419232422716,119.68440210570819,1336.6636574440756,NGG,50,py,"[10.0, 0.75]",6
0.9625292663730985,2.4817153508170002,8.27910893324045,31.58796917935023,119.65456412380583,1336.6444221981162,NGG,100,py,"[10.0, 0.75]",6
20.93556440141696,20.270904854358854,18.04500333512671,15.245745559320563,67.25391004547616,1281.988008043884,NGG,500,py,"[10.0, 0.75]",6
56.34742030743192,57.17416436074934,62.02345421878346,89.43800437371556,133.45757954213585,1007.5476939247952,NGG,1000,py,"[10.0, 0.75]",6
81.5521703930211,141.43314682720595,324.9497642577068,1020.0875088502803,2160.814778158026,5583.38895496799,DP,50,py,"[100.0, 0.25]",6
43.200708241832075,102.98215549835251,296.0116395741456,1017.9137382110689,2180.707368502404,5598.363958961151,DP,100,py,"[100.0, 0.25]",6
51.211860462311776,91.81826425461678,289.4218506671793,981.7431264034772,2091.1838949066814,5413.734787118285,DP,500,py,"[100.0, 0.25]",6
242.85545427559242,301.39800515501526,428.6084594054362,971.9029046980862,1942.3164509363714,4840.030271175679,DP,1000,py,"[100.0, 0.25]",6
0.9995310300279118,2.68528026490399,8.94603280025188,34.181337815391586,136.71847881178547,1037.524181056466,NGG,50,py,"[100.0, 0.25]",6
0.9957637902061571,2.6815351834290646,8.94197981543935,34.17754080953694,136.7155406085833,1037.5129082638366,NGG,100,py,"[100.0, 0.25]",6
8.676146672995602,22.54824119745947,58.629422417366065,178.44041273222985,313.8666915554402,827.3358239357708,NGG,500,py,"[100.0, 0.25]",6
154.8542336540905,187.99321705000185,268.8230934348706,605.6958923213169,1197.3731011353661,2721.7948932442287,NGG,1000,py,"[100.0, 0.25]",6
44.76933743851328,43.450491176998796,38.0399749575985,18.47708458528354,68.89464730545612,601.847542597149,DP,50,py,"[100.0, 0.75]",6
80.01199173296122,79.1501827401786,75.35400199785846,59.61369503842454,43.15671324495035,492.6188397645854,DP,100,py,"[100.0, 0.75]",6
103.3154779513222,107.24399642139196,114.75535064404815,156.87688597064326,236.31858541185022,419.6593156033901,DP,500,py,"[100.0, 0.75]",6
126.92958135886818,130.15996917337162,133.63220576523344,210.6777445525291,325.0262233973675,552.1069412906222,DP,1000,py,"[100.0, 0.75]",6
0.28843989252110097,1.2568471981935225,7.011144409744601,30.38273854367633,120.36619122834401,667.8835217649995,NGG,50,py,"[100.0, 0.75]",6
3.4499934319334487,1.9668032391670698,3.8622208065070955,26.75496258992438,115.76405092222564,660.3731810835915,NGG,100,py,"[100.0, 0.75]",6
23.278350837051452,22.342302727354827,18.757449450122337,17.18751520061003,68.76561115721246,585.0906237894607,NGG,500,py,"[100.0, 0.75]",6
40.678477747666214,40.794923940597236,37.649488632758775,37.91836053414744,54.055800954760834,536.8426921502077,NGG,1000,py,"[100.0, 0.75]",6
31.575671291923804,29.963603876192817,23.9753361646256,11.321422871064634,89.0196122560336,350.04694783022046,DP,50,py,"[1000.0, 0.25]",6
68.41234934447664,67.47099277836502,63.5250468516524,46.1307339518577,44.0862357743164,258.4952668749597,DP,100,py,"[1000.0, 0.25]",6
104.54060294706396,111.5771477299909,120.89473666535123,159.8309700641821,267.9073708978124,367.65940067901045,DP,500,py,"[1000.0, 0.25]",6
143.07858924694273,140.09239219278572,153.3610918027276,213.774466846151,377.3276014248813,544.4749490635184,DP,1000,py,"[1000.0, 0.25]",6
0.9973197850424315,2.688198235591931,8.881620912579113,33.02514753493586,126.31411876073928,393.41017572090544,NGG,50,py,"[1000.0, 0.25]",6
0.6082802264554227,2.2971404524231467,8.484983884123949,32.61206382627653,125.85250931355773,392.86529195482285,NGG,100,py,"[1000.0, 0.25]",6
33.214498580761344,32.417812231406444,28.36362253443216,21.189219233213592,63.85431812257639,316.1646644154069,NGG,500,py,"[1000.0, 0.25]",6
65.38396569477615,63.739289153852134,66.13808788569996,73.22789262302341,84.49407557883971,175.48458003858877,NGG,1000,py,"[1000.0, 0.25]",6
3.663537492402454,2.138437792231674,3.4178500539989494,26.118117532929627,106.72338286862336,364.6031082427119,DP,50,py,"[1000.0, 0.75]",6
9.956738998943612,8.448491829271967,3.850822767640712,19.516313964059847,99.45142928063487,355.7700068854629,DP,100,py,"[1000.0, 0.75]",6
36.396888789202485,35.10256724753657,30.8301325622661,17.212997922859756,57.691326683992905,278.20322891931903,DP,500,py,"[1000.0, 0.75]",6
53.31008869995326,53.459409583349675,50.167744564496154,41.50780709709002,51.59191391672482,176.1873100040323,DP,1000,py,"[1000.0, 0.75]",6
1.3465571452207232,0.6051654131066251,5.739566710977813,28.46304767805639,109.13250086524444,367.1695641319202,NGG,50,py,"[1000.0, 0.75]",6
1.558097665061891,0.6531075317080418,5.5120774671497,28.197299286696513,108.74651882188456,366.5226678293162,NGG,100,py,"[1000.0, 0.75]",6
21.170535232343795,19.77900649040239,14.957670212167798,11.349509120893787,77.81299521493769,317.60480781732934,NGG,500,py,"[1000.0, 0.75]",6
37.22014075335364,36.83844986678458,32.80092981452007,23.71138985235711,52.213150193466525,247.9719833090222,NGG,1000,py,"[1000.0, 0.75]",6
58.93675155517615,68.9991246199918,309.46795631746465,757.9813022785015,3597.8926288000193,18530.4414291038,DP,50,py,"[10.0, 0.25]",5
58.946570325567656,68.98937820589443,309.4754288735685,757.9830070415381,3597.895821745983,18530.441548422066,DP,100,py,"[10.0, 0.25]",5
58.913412043305236,68.96468593303305,309.3970646158477,757.9265445665233,3597.894868897358,19249.738100128874,DP,500,py,"[10.0, 0.25]",5
58.64515623278336,179.95548303101242,509.3137689832508,1220.5625008167822,3577.7163363711575,18423.750966685275,DP,1000,py,"[10.0, 0.25]",5
0.9999997070912006,2.727272490957592,9.0243900569431,34.18644045722329,130.937499763002,3124.1038959912316,NGG,50,py,"[10.0, 0.25]",5
0.9868503876511635,2.7207294506275335,9.017873676427412,34.17777592232002,130.9165699990227,3124.08527783208,NGG,100,py,"[10.0, 0.25]",5
25.78699258218981,29.11799780514257,133.0695027402328,309.8585410166925,1120.8414490030068,4215.330283075029,NGG,500,py,"[10.0, 0.25]",5
29.559525759678742,90.0679862097254,256.61322771504166,613.5685555264897,1886.6558073718857,9681.016616208964,NGG,1000,py,"[10.0, 0.25]",5
177.77600862856843,177.93669922418894,176.1198244425182,170.66097920297915,161.74272170001123,717.6623459312874,DP,50,py,"[10.0, 0.75]",5
267.3339301120568,274.7599915466476,281.53172987379446,343.58198170399646,639.5772247886784,1099.4074869683157,DP,100,py,"[10.0, 0.75]",5
99.79493332848345,114.79864436429386,137.31289894828836,297.9613697919463,1005.9760793555212,2257.379090225518,DP,500,py,"[10.0, 0.75]",5
167.23073130481097,165.60164098348247,171.4048033275424,304.68596317862637,953.995071820452,1991.1592661264983,DP,1000,py,"[10.0, 0.75]",5
0.9983525525861059,2.541624488132719,8.326345580303888,31.20590435463297,125.38783991840006,1110.662720222684,NGG,50,py,"[10.0, 0.75]",5
0.6767086625805244,2.2136884915893167,7.9903723479433575,30.821776684522366,124.81205320207157,1109.6495719305713,NGG,100,py,"[10.0, 0.75]",5
24.24099618982144,23.42711422701108,21.585269065264043,18.814124537737946,64.77134812248737,1045.3573323398293,NGG,500,py,"[10.0, 0.75]",5
55.168283838510874,54.8976301598991,62.96898099660204,80.31608195806082,136.36704905656694,772.1277751595585,NGG,1000,py,"[10.0, 0.75]",5
127.1920664869606,181.63480245336183,237.51925680375717,1054.0804737190447,2336.381142676121,5584.320205970811,DP,50,py,"[100.0, 0.25]",5
79.2139374289637,142.74159965186638,210.085943246775,1046.8638050797688,2336.3595370589687,5604.799678956743,DP,100,py,"[100.0, 0.25]",5
111.62174090904173,127.60510899071436,212.21730133828038,1032.3665778046493,2386.881225664997,5727.909889957097,DP,500,py,"[100.0, 0.25]",5
250.997729481768,313.82032006212046,409.69387111378023,1301.641321946935,2747.47223969206,5401.054673755749,DP,1000,py,"[100.0, 0.25]",5
0.9999621866325765,2.7033216384988927,8.86464700224395,33.52974201083724,133.05477906845786,1088.4866001305568,NGG,50,py,"[100.0, 0.25]",5
0.9979813010458741,2.70136650492828,8.862787110789913,33.527971160411006,133.05307425534915,1088.484800827229,NGG,100,py,"[100.0, 0.25]",5
13.307366325862551,25.84778677173176,51.31675734849076,206.26708040424495,419.5373395323385,1110.7381491811839,NGG,500,py,"[100.0, 0.25]",5
151.98839732291864,186.94479639783452,247.8347628522541,780.1436854638047,1603.152899240219,2879.132646190257,NGG,1000,py,"[100.0, 0.25]",5
48.70930695516804,47.23230101605536,42.23699405086302,22.270348118465655,65.68885451443236,631.6075552590362,DP,50,py,"[100.0, 0.75]",5
84.5761795837175,83.2463676783618,80.35628430551634,65.7505442389895,45.87636365657256,512.2496730674492,DP,100,py,"[100.0, 0.75]",5
104.97397787844353,108.00051228950225,118.31492490922916,155.4629097765315,294.6996459526467,516.1365286761827,DP,500,py,"[100.0, 0.75]",5
128.15216127979357,134.53989034949186,150.95629609278507,185.5468489378744,372.01765133859936,636.868619133183,DP,1000,py,"[100.0, 0.75]",5
2.141727731248801,0.8940598898260241,4.938307257233739,27.776273264646196,119.31399561602191,705.086802217744,NGG,50,py,"[100.0, 0.75]",5
0.20002805876921853,1.3337931849991345,6.898060846252858,29.760792281275638,121.44776968724236,707.7530097732966,NGG,100,py,"[100.0, 0.75]",5
20.961584634846474,20.0245243678718,16.5026990644229,15.281473464898435,71.91516722760352,635.3147482665838,NGG,500,py,"[100.0, 0.75]",5
38.46279099306165,38.115185750434,38.61660310394826,33.29508161761328,57.94412703362593,581.2722304864708,NGG,1000,py,"[100.0, 0.75]",5
38.62081358631941,37.07418156557967,31.470984394762137,13.626057063819102,77.01140736816923,374.1451258547428,DP,50,py,"[1000.0, 0.25]",5
71.01431460857822,69.54341114817743,66.36270739872532,47.31878537993187,42.23788444362716,288.6919097126327,DP,100,py,"[1000.0, 0.25]",5
104.68300048752457,111.06574850701142,125.60797889574135,162.422805451749,299.0973232929767,393.7380805198465,DP,500,py,"[1000.0, 0.25]",5
141.3574197461052,143.97043279303787,160.29075461968753,245.21435175404366,426.4626480335031,615.9109510096644,DP,1000,py,"[1000.0, 0.25]",5
0.963691857417298,2.6602824128841327,8.799033344673338,33.65056737813148,123.95671494636113,430.24335295354416,NGG,50,py,"[1000.0, 0.25]",5
0.5456721690697774,2.2403103353522864,8.35715353940694,33.168858854041474,123.31339471002514,429.30867384050487,NGG,100,py,"[1000.0, 0.25]",5
32.94034197801559,32.267813291389125,28.939106305478138,20.596317549202787,64.04196619017529,357.2095541319714,NGG,500,py,"[1000.0, 0.25]",5
72.77483298457983,74.31627742349514,77.83882478706309,102.64224020209818,133.46813042400342,149.35443357792383,NGG,1000,py,"[1000.0, 0.25]",5
4.219183127935541,2.684845643356452,3.0953250681744207,25.70491584909263,109.16324285628538,394.4664625672101,DP,50,py,"[1000.0, 0.75]",5
8.821808209982663,7.299832839344434,3.160288879540661,20.87464141867476,103.8245108395519,387.9208436899138,DP,100,py,"[1000.0, 0.75]",5
34.73069303573292,33.446377022445915,28.95621795357111,15.523403447381009,61.41243022431059,309.10516239047297,DP,500,py,"[1000.0, 0.75]",5
52.31312769914417,51.960065039064744,47.729284913977644,40.87560627133314,49.256428922347496,207.87132765407281,DP,1000,py,"[1000.0, 0.75]",5
2.151843575310398,0.8586099443870981,5.061036579331595,27.80087562523485,111.31182112126713,396.7609674903174,NGG,50,py,"[1000.0, 0.75]",5
1.899146773733259,0.7442383964617763,5.306144897797991,28.018583767459788,111.4441432765333,396.7017711781478,NGG,100,py,"[1000.0, 0.75]",5
20.536604388102976,19.14126630177277,14.164226660802598,11.303005599579297,82.48350161321237,349.7339950482833,NGG,500,py,"[1000.0, 0.75]",5
37.31001531757787,36.55571024916227,32.166228609098916,24.172380881001864,51.660641553854774,279.89847615307673,NGG,1000,py,"[1000.0, 0.75]",5
44.16932364420849,349.9870034860945,256.16175949563586,1086.3529317508828,4514.324318489077,15719.145453028612,DP,50,py,"[10.0, 0.25]",1
44.16934904533127,349.9870045151338,256.1617596569564,1086.3529229738722,4514.324296335403,15719.145441435048,DP,100,py,"[10.0, 0.25]",1
44.155692335675425,349.44306511420245,256.1531826405181,1084.732590257717,4508.636868176308,15694.498719095149,DP,500,py,"[10.0, 0.25]",1
84.53627628879616,376.3832740789278,255.16156340161953,1082.620537112967,4494.7040535936085,15647.980629141259,DP,1000,py,"[10.0, 0.25]",1
0.9999998221444043,2.727272523527006,8.588235176032704,33.745098009212306,126.89189184243526,4412.109090637763,NGG,50,py,"[10.0, 0.25]",1
0.9459079542688134,2.6175994614498963,8.5108109304019,33.73521378605719,126.8849520059852,4412.106717987659,NGG,100,py,"[10.0, 0.25]",1
26.18533863740835,203.06494804269016,163.88722396726357,610.7388791029596,1500.878678294819,4947.452265417088,NGG,500,py,"[10.0, 0.25]",1
42.837145758434254,216.61511249993296,133.6275027401516,584.2052706640574,2704.0091985464223,10087.660750245344,NGG,1000,py,"[10.0, 0.25]",1
188.4025682977861,187.97941735703648,188.24811119528871,182.76023953344864,148.23395850201706,813.3084313385633,DP,50,py,"[10.0, 0.75]",1
244.16146343096338,247.54374819329558,264.0913708246881,318.66813437586296,439.2576175089899,1104.429227997354,DP,100,py,"[10.0, 0.75]",1
99.81924780231904,109.86680344485151,147.7008673973714,298.50327839179243,680.7962498033218,2311.8384923695385,DP,500,py,"[10.0, 0.75]",1
158.28673170099884,179.08771443661885,212.76121843025243,345.2505386879104,668.1154353083303,2146.291078587543,DP,1000,py,"[10.0, 0.75]",1
0.999235171838336,2.514094307732221,8.32505564158481,31.17357616351488,121.2704598869836,1221.565688637038,NGG,50,py,"[10.0, 0.75]",1
0.9315139780044539,2.4463982156779602,8.257656606135997,31.107644043820553,121.20896609515466,1221.4979334309303,NGG,100,py,"[10.0, 0.75]",1
26.196924152416805,26.02676782832924,23.618321364116632,21.591869401063377,58.30420052840037,1153.0474254404041,NGG,500,py,"[10.0, 0.75]",1
54.455339044928394,59.53579949797777,66.59550922690345,88.07761485774049,129.416025118182,876.4648202880004,NGG,1000,py,"[10.0, 0.75]",1
119.9842453993275,142.1798606132394,282.5688603805725,796.2045881931423,1989.2763940008265,5731.9368128088745,DP,50,py,"[100.0, 0.25]",1
74.25945693009186,104.28456410193434,257.109462931301,793.5791338624686,2003.7138069323498,5725.410009329439,DP,100,py,"[100.0, 0.25]",1
77.98696619151335,103.77236529122588,257.95781867649646,778.707038837026,1941.532611813685,5597.992312845907,DP,500,py,"[100.0, 0.25]",1
196.65005327347265,306.95369964905956,320.11474275479475,1068.3344801445755,2378.5871866078733,5581.328341180612,DP,1000,py,"[100.0, 0.25]",1
0.9999984689831591,2.731074179857868,9.046618600069872,32.90565870031348,129.01292797170456,1150.5423700725005,NGG,50,py,"[100.0, 0.25]",1
0.9994976789147635,2.730636249423225,9.04626340490186,32.90541220262843,129.0126161554642,1150.5417567491781,NGG,100,py,"[100.0, 0.25]",1
14.40098512587156,21.893077102041968,55.9365967519627,146.81438912377703,283.97040256298453,857.0149716744155,NGG,500,py,"[100.0, 0.25]",1
112.3946533022188,175.23218224754447,184.67772513010826,595.4124995279566,1312.7276296184734,2842.499534690957,NGG,1000,py,"[100.0, 0.25]",1
83.7886142555739,82.46799220591232,77.97120660862765,58.95163329990281,44.023486571268165,608.1700227833388,DP,50,py,"[100.0, 0.75]",1
127.83826036047535,126.91091909557039,125.9324602561117,116.59749191052032,87.02073341707394,445.67072409724057,DP,100,py,"[100.0, 0.75]",1
109.42175413153012,112.51732106880421,129.45406483714228,179.6511641405191,385.5910156328778,1043.3897890970231,DP,500,py,"[100.0, 0.75]",1
144.21194440826676,141.55824609934348,167.33320107320324,231.77864916988628,533.8190237854114,1293.6920196768058,DP,1000,py,"[100.0, 0.75]",1
0.9946781835221506,2.5336427275227384,8.290091645681343,31.378570835695253,124.96809480896921,777.2018360256978,NGG,50,py,"[100.0, 0.75]",1
0.2685702852375325,1.673293065126463,7.399113296036641,30.424835952498558,123.70213775245021,774.5566700218556,NGG,100,py,"[100.0, 0.75]",1
25.75384447604205,24.93755302945816,21.554924018046055,15.442047344630803,67.51723888978539,709.1855479345066,NGG,500,py,"[100.0, 0.75]",1
48.86538498061234,48.948412517543865,50.14572505121968,50.183877940839515,68.70681049315789,627.3384359271511,NGG,1000,py,"[100.0, 0.75]",1
36.293060726903406,34.71370767426005,28.87974502329193,13.011899545354442,81.85084400713596,367.4774826779861,DP,50,py,"[1000.0, 0.25]",1
66.39743916310387,65.21630603503417,61.09864204716398,42.245796626468056,45.5324828935777,291.29578956334257,DP,100,py,"[1000.0, 0.25]",1
108.97346060457085,110.38533250316948,121.8898856291749,153.67621308647887,285.76157325477163,362.6201486275805,DP,500,py,"[1000.0, 0.25]",1
140.5063232323674,141.67643314922225,151.8779256773362,209.55976923367965,402.01897021824817,534.6998420767283,DP,1000,py,"[1000.0, 0.25]",1
0.6399901964368891,2.3401235041945507,8.472942780434218,32.9792799822078,125.31655636837965,418.36807551578966,NGG,50,py,"[1000.0, 0.25]",1
0.19441189673851983,1.7766692929263228,7.883503439501198,32.32852497213773,124.44844241368483,417.1291564514592,NGG,100,py,"[1000.0, 0.25]",1
37.62533917866517,36.91944889769689,33.03359007810118,25.605744215762762,56.67813627351887,335.70184581214517,NGG,500,py,"[1000.0, 0.25]",1
64.02899952089481,64.31781085117734,64.17318536052976,77.44756306591904,88.87137634788394,194.70758754551844,NGG,1000,py,"[1000.0, 0.25]",1
5.129324288294423,3.6038587860894964,2.6830563197115374,24.7676836934169,108.35031951347246,350.1626212710048,DP,50,py,"[1000.0, 0.75]",1
10.840197038427874,9.328649305831899,4.362861006601986,18.79354108573734,101.53001790892158,341.7100168585409,DP,100,py,"[1000.0, 0.75]",1
39.42700637066988,38.24479579247712,33.83864059361585,20.252712370172585,53.11438480974725,253.69640033427,DP,500,py,"[1000.0, 0.75]",1
54.56464933631693,54.51383385024925,50.67268328435297,42.46604901945086,50.20403832886619,162.54220535199434,DP,1000,py,"[1000.0, 0.75]",1
1.940954402673011,0.7384602660805246,5.305767304618802,28.01845859490804,111.76014025844847,353.88776220945203,NGG,50,py,"[1000.0, 0.75]",1
4.652837696344084,3.1315374791025827,2.89332362444701,25.16890363562704,108.46997285182393,349.7420008746836,NGG,100,py,"[1000.0, 0.75]",1
19.805300510303006,18.446664358890285,13.411673394334377,11.70463729402435,81.278482040831,306.8470079973661,NGG,500,py,"[1000.0, 0.75]",1
39.61255203253626,39.09251577194481,34.80283984518797,25.95929284744445,48.11482352559379,236.9701873147131,NGG,1000,py,"[1000.0, 0.75]",1
34.49239867905505,101.8999320001672,468.32578568989703,1370.4761163534804,4646.285674993578,11528.519282963438,DP,50,py,"[10.0, 0.25]",10
34.49249682908452,101.89996721871611,468.3258282740602,1370.4761899356158,4646.285713151354,11528.519235113406,DP,100,py,"[10.0, 0.25]",10
52.03069768258538,101.83967248045171,466.57285975475315,1369.8333784732213,4646.4940756617325,11523.25777979465,DP,500,py,"[10.0, 0.25]",10
34.73874748869547,101.36784896533855,465.9225988422092,1363.188443076564,4621.490988847272,11473.672680049473,DP,1000,py,"[10.0, 0.25]",10
0.9999998334217763,2.6666665491851536,9.35955045917823,32.41269834425661,126.69047581671568,4642.884612605511,NGG,50,py,"[10.0, 0.25]",10
1.0078807670195908,2.577692995147624,9.236734121994619,32.368886891520354,126.69023024940098,4642.884538893766,NGG,100,py,"[10.0, 0.25]",10
17.9644616934445,49.486539866540504,77.15758842846132,361.8875532330508,1533.6796560040973,4547.746644440212,NGG,500,py,"[10.0, 0.25]",10
16.767137855150814,49.000427030867606,227.51558269375005,668.4106160606319,2285.4399798315785,6319.790412692907,NGG,1000,py,"[10.0, 0.25]",10
446.5942038996514,453.71227924934533,482.29470209125475,639.0911957766739,860.7318705771444,2012.482763286021,DP,50,py,"[10.0, 0.75]",10
318.50704321130166,334.0495743597337,397.8002208350478,766.1317875322533,1309.7856551391753,5656.226357226211,DP,100,py,"[10.0, 0.75]",10
85.5501840757747,101.0692188163529,158.60458997082625,507.0145821001818,1010.295638445551,4931.064819445442,DP,500,py,"[10.0, 0.75]",10
160.96540310309172,170.56641672305977,244.72966899571193,567.3730561629407,887.0566479195405,3692.477979030665,DP,1000,py,"[10.0, 0.75]",10
0.9997591500959249,2.5333839473718274,8.125374962719874,31.139279447749352,121.37183254059492,1358.8306794855018,NGG,50,py,"[10.0, 0.75]",10
0.9392708667984315,2.4723183695585047,8.062082581584093,31.069247570032772,121.290866519717,1358.722067809734,NGG,100,py,"[10.0, 0.75]",10
22.11643135664012,22.202153048148766,22.17651346589909,27.26243875866008,56.26309768481763,1286.7561017751675,NGG,500,py,"[10.0, 0.75]",10
58.665675436300376,63.83640473284977,78.73693646895441,143.5045024195642,226.07013642383328,986.1853634339396,NGG,1000,py,"[10.0, 0.75]",10
125.39961825718734,177.1388281027283,289.6174633822871,933.0943157187365,1607.689109122853,5619.873323779051,DP,50,py,"[100.0, 0.25]",10
70.32831983421401,132.3731259855887,248.2322233327594,919.3323165652323,1633.0598704690217,5690.816583985309,DP,100,py,"[100.0, 0.25]",10
92.35344262279018,127.07287445175311,238.94822101414394,874.450101787749,1550.4400190391511,5608.378330824427,DP,500,py,"[100.0, 0.25]",10
222.17328580070424,365.8114321993458,374.96554093439624,916.8172444738132,1580.45865302195,5038.464256733293,DP,1000,py,"[100.0, 0.25]",10
0.9999910017669008,2.679568604769029,8.868191340569838,33.07522248337031,133.67766344504946,969.0144038807164,NGG,50,py,"[100.0, 0.25]",10
0.8285562526237669,2.5045399758151414,8.516512740399293,32.01775392521156,131.57280942434951,960.126455953629,NGG,100,py,"[100.0, 0.25]",10
17.17497722744463,29.131072371201157,61.846059063993806,177.71346432377263,300.82525027717577,786.4391121400123,NGG,500,py,"[100.0, 0.25]",10
122.61621868811646,200.19724191421764,208.72343223828742,505.16342354050903,836.5020404165157,2349.61491115041,NGG,1000,py,"[100.0, 0.25]",10
59.14743837988313,57.744662243529376,53.16225530113402,32.17818812113154,53.09979157764916,651.9974306299773,DP,50,py,"[100.0, 0.75]",10
91.57883496488579,90.24588917946184,87.28419884829017,70.98865969018294,46.59746562706309,528.2595173727019,DP,100,py,"[100.0, 0.75]",10
105.56272909546372,106.3468028424663,122.42351059896133,143.79733272847548,290.74324935335136,617.4234591336824,DP,500,py,"[100.0, 0.75]",10
128.39233162128141,130.4403028714499,154.42622045592302,175.60596317369306,368.77249704164973,839.8040097795738,DP,1000,py,"[100.0, 0.75]",10
0.9746151020820971,2.524140415986067,8.079089470216159,31.230723349573182,122.88653733647335,756.2324078806696,NGG,50,py,"[100.0, 0.75]",10
0.2029974913083342,1.3906474470340098,6.909565744340127,29.96834940517397,121.22398136801336,753.366158921432,NGG,100,py,"[100.0, 0.75]",10
25.41500264346694,24.292352109168725,20.607766994581137,14.76696001419348,68.06402246358903,686.0006101633807,NGG,500,py,"[100.0, 0.75]",10
51.25550597894926,50.01816060386141,50.76863944534764,49.67586077378335,59.867788220084314,600.7808813908265,NGG,1000,py,"[100.0, 0.75]",10
32.86142024997186,31.22088638235059,25.486822874410077,11.807924966069717,81.50542631147867,374.1540066958992,DP,50,py,"[1000.0, 0.25]",10
68.43661537082136,67.51878673164293,63.40330888141113,46.35729222430328,41.03501860171811,287.47318484216885,DP,100,py,"[1000.0, 0.25]",10
109.05283326680586,108.84355121750596,120.1273785028809,166.09669425906864,274.1395024935532,335.1347054040326,DP,500,py,"[1000.0, 0.25]",10
137.95388448002018,142.55076169045793,167.78281297294188,227.04398187141402,394.2789844787611,497.09075136917716,DP,1000,py,"[1000.0, 0.25]",10
0.999997228339927,2.694821939067429,8.796530436634429,32.701950541795625,120.6165018664933,419.27563764447973,NGG,50,py,"[1000.0, 0.25]",10
0.9284649684024351,2.6228752355276193,8.722585796398251,32.622965705492156,120.51729766032817,419.1272272064173,NGG,100,py,"[1000.0, 0.25]",10
31.89471996158285,30.720415140928395,26.836211910719975,21.32369396042689,59.38344771455328,343.0621300656771,NGG,500,py,"[1000.0, 0.25]",10
63.60238625001905,64.98124013042077,67.91976140173605,79.67372911287534,93.52016886272018,202.32406871993385,NGG,1000,py,"[1000.0, 0.25]",10
5.275037033420282,3.754341395671139,2.643500253686037,24.64072592104081,108.51059723755975,396.7906238247753,DP,50,py,"[1000.0, 0.75]",10
11.069244972282627,9.57055724944938,4.506984368059985,18.528491957725976,101.69764705329011,388.3306013172997,DP,100,py,"[1000.0, 0.75]",10
41.15563174489043,40.3192736542372,35.841786418133196,22.532354309197377,52.76880228702759,290.0982279236177,DP,500,py,"[1000.0, 0.75]",10
55.957937902019815,55.984565981479925,53.976254155416505,46.60173054602355,51.613360977717015,194.90238045228347,DP,1000,py,"[1000.0, 0.75]",10
0.2031862366722964,1.727596124649442,7.429883124564868,30.21045928920453,114.2738710618567,403.03855023600914,NGG,50,py,"[1000.0, 0.75]",10
1.120817802288063,0.5695118415174149,6.096289830362108,28.83291452401801,112.7791363913112,401.2651543087231,NGG,100,py,"[1000.0, 0.75]",10
19.410586201599855,18.20186426183731,13.073495621733386,11.982723268255908,82.66413144097831,352.63326432022103,NGG,500,py,"[1000.0, 0.75]",10
39.0524205320237,38.52545075427159,35.375536692920065,26.81606604433785,49.69520351043309,278.2495033845164,NGG,1000,py,"[1000.0, 0.75]",10
42.22282187055618,504.87024109074963,269.52614400876587,1145.5276595756409,2846.3843126981687,16447.251342788193,DP,50,py,"[10.0, 0.25]",7
42.22298988896539,504.87063610816926,269.52629537781837,1145.527771738582,2846.38461435232,16447.24312055562,DP,100,py,"[10.0, 0.25]",7
42.20467578624797,504.7438593797348,269.3966188252508,1145.4380015739755,2846.1854215859507,16446.23409452493,DP,500,py,"[10.0, 0.25]",7
92.14493694010788,512.9658612856263,294.9668573670085,1166.5427377320275,2839.732979647243,16351.47163978827,DP,1000,py,"[10.0, 0.25]",7
0.9999933493444083,2.6809929834711,9.73677594677065,34.51376343192726,132.9608685674898,3420.1546973725776,NGG,50,py,"[10.0, 0.25]",7
0.9507843319602395,2.53768708441338,9.506559927538817,34.493166064799894,132.93620286054409,3419.844756939241,NGG,100,py,"[10.0, 0.25]",7
18.016960801537248,44.23922578956303,109.67521146771229,362.93109271161626,586.2175871519388,3426.1888899007445,NGG,500,py,"[10.0, 0.25]",7
48.208901879441605,298.53863239372663,152.4781125993561,658.2503568297041,1599.3151366688396,9421.990217358363,NGG,1000,py,"[10.0, 0.25]",7
518.134290288337,521.7917296688481,553.5377612593952,747.0574762640991,1212.9834864974312,2828.075070474989,DP,50,py,"[10.0, 0.75]",7
315.9584866068547,321.408486122957,372.3135668324362,652.6191239483783,1347.3956063379785,3662.4731091733065,DP,100,py,"[10.0, 0.75]",7
81.31606642055472,83.0060714711938,129.57480365628777,381.53785070132426,996.5752046555469,3088.851754414648,DP,500,py,"[10.0, 0.75]",7
178.8170986120882,216.85369681034072,206.6706981759842,398.8065162242344,958.7368229693315,2546.706765842494,DP,1000,py,"[10.0, 0.75]",7
0.9999870429567982,2.5205981184280395,8.168259371069984,31.189984900974537,126.8114987871817,2062.1071045096605,NGG,50,py,"[10.0, 0.75]",7
0.9965890658530657,2.517189918468195,8.16506984140189,31.187221765586838,126.8096856350234,2062.106478912326,NGG,100,py,"[10.0, 0.75]",7
19.723363212167662,19.71935004398455,20.638688731634172,24.506112032210943,59.18317755837071,2001.245278651524,NGG,500,py,"[10.0, 0.75]",7
63.52221330819459,72.4569201077418,88.07872150357555,150.01164540300442,297.84773803125745,1663.9488045922647,NGG,1000,py,"[10.0, 0.75]",7
73.49590601506004,155.53660000468608,448.83871274910007,902.8110670588516,2140.2144720093625,6360.595954769357,DP,50,py,"[100.0, 0.25]",7
43.14234263355826,120.83516113299137,415.6192246732551,870.8270779945366,2120.9916383564173,6363.793895748703,DP,100,py,"[100.0, 0.25]",7
36.12386906412351,120.79471736505411,396.1345004536115,814.7017051439449,2017.7056912305618,6126.259297715309,DP,500,py,"[100.0, 0.25]",7
224.93368928304022,355.04780509079296,550.7271838018986,1299.177046660535,1931.9777923267316,5575.427305704276,DP,1000,py,"[100.0, 0.25]",7
0.9999832817610339,2.6882666912544733,9.01871299049342,34.51954419603144,131.58076690932936,1052.6413473194325,NGG,50,py,"[100.0, 0.25]",7
0.9988966032728828,2.6871889199000796,9.017637803630159,34.518368827821654,131.57944763033154,1052.640207754745,NGG,100,py,"[100.0, 0.25]",7
7.500299095623017,26.022095898782684,78.09117070367313,133.44590514338125,294.1077318056842,851.1491974179615,NGG,500,py,"[100.0, 0.25]",7
125.94084731449546,181.90572811367767,304.6634795996001,676.8723065586174,1034.1679963284219,2475.6617922143714,NGG,1000,py,"[100.0, 0.25]",7
58.743109313891715,57.354023804189275,52.20920278119216,32.348876372178815,60.27846662279735,680.485770415751,DP,50,py,"[100.0, 0.75]",7
99.62727931284427,98.78000856113775,96.48470984718833,83.83775117000935,55.529855285544485,555.4957305227573,DP,100,py,"[100.0, 0.75]",7
107.29441851736303,111.3615707751561,127.09930169752603,178.84075725571964,302.46801504268643,577.3315071456482,DP,500,py,"[100.0, 0.75]",7
132.0144237456473,139.3059141037073,156.58380251299198,224.62160143157698,364.5898294896243,660.154212974793,DP,1000,py,"[100.0, 0.75]",7
0.9735836365129363,2.5086926850478326,8.261338798043834,31.636043437075195,127.79062341577651,775.6143821529777,NGG,50,py,"[100.0, 0.75]",7
3.3850640026795427,1.91871094320646,3.9004655257858776,26.551529436949934,121.0756018390851,763.3383042563099,NGG,100,py,"[100.0, 0.75]",7
24.300840907974248,23.315411492280496,19.78680249032408,15.542405427660402,74.53412994143508,707.1639249758131,NGG,500,py,"[100.0, 0.75]",7
53.60720594368676,53.77672443189947,53.74757972881697,56.5475306020636,72.24140917465259,592.1891223169029,NGG,1000,py,"[100.0, 0.75]",7
35.29879297978456,33.653749499229775,27.937398025956107,12.341004251990787,80.5511485896705,345.63911044772203,DP,50,py,"[1000.0, 0.25]",7
63.69862338543964,62.2263836926143,57.810014311926224,39.056381917990855,44.39879032105084,276.64857332212125,DP,100,py,"[1000.0, 0.25]",7
107.99874885411363,110.38089605057995,123.01977556334445,172.58707982086037,283.6470938053273,386.16925927281164,DP,500,py,"[1000.0, 0.25]",7
139.27821578176207,149.22045874272354,163.3755598697072,206.5182316601303,372.3075170140457,641.9351031590993,DP,1000,py,"[1000.0, 0.25]",7
0.9991695055991427,2.7131080961170597,8.88584448501114,33.17208391357539,122.68880264305328,395.79889684261275,NGG,50,py,"[1000.0, 0.25]",7
0.4825904380651163,1.2360782337551908,7.365556276529441,31.548949829265258,120.73278755843698,393.210463086919,NGG,100,py,"[1000.0, 0.25]",7
32.14132657542533,31.189780187474845,27.66704687854572,21.257087576380318,60.372989821397674,318.9162498720525,NGG,500,py,"[1000.0, 0.25]",7
67.24806526465633,68.15123572750215,70.19013698151052,78.54335483992921,102.80205227743251,147.8822374431634,NGG,1000,py,"[1000.0, 0.25]",7
5.6315869797701,4.105040806339845,2.5490607532461986,24.133249391228485,106.12819377716752,429.57497333737933,DP,50,py,"[1000.0, 0.75]",7
12.425522304581458,10.918173751653985,5.631172985683847,16.96062435689617,98.02105010613518,418.84198813984835,DP,100,py,"[1000.0, 0.75]",7
39.70760256671762,38.70388986401192,34.58900050366066,20.779857971401565,52.0493064835897,320.40856636673806,DP,500,py,"[1000.0, 0.75]",7
56.28352472784401,55.16280134578147,53.67676131414286,46.71538586135643,54.2793534461241,199.7686311889801,DP,1000,py,"[1000.0, 0.75]",7
0.5444830896511247,0.9860010181965252,6.63593856200673,29.295757586435506,111.48844703781997,435.46989086002424,NGG,50,py,"[1000.0, 0.75]",7
0.46717833841917333,1.0628584689180758,6.709283308971281,29.352207370337666,111.50659225905599,435.3716925831805,NGG,100,py,"[1000.0, 0.75]",7
19.859289514917347,18.591010034846786,13.706416743507878,11.837618577717354,80.23565315033316,383.4859035075917,NGG,500,py,"[1000.0, 0.75]",7
38.863693989284755,37.78751833582768,34.74996101918309,25.917108694076784,49.513439361124,307.64775740069496,NGG,1000,py,"[1000.0, 0.75]",7
36.57264654207832,92.2307640042882,922.8214258456089,1385.3199985501888,4316.540540297504,15112.5510121453,DP,50,py,"[10.0, 0.25]",3
36.572648082764466,92.2307669109808,922.8214196803563,1385.3199903482532,4316.540540537953,15112.551020484212,DP,100,py,"[10.0, 0.25]",3
36.55403135751324,92.21402060555454,922.5585975627831,1384.6176024934248,4316.359745670315,15111.140159494053,DP,500,py,"[10.0, 0.25]",3
36.41359742069796,91.82910465731821,3276.016094217353,5779.312734514305,6701.882722399049,15129.048745306796,DP,1000,py,"[10.0, 0.25]",3
1.2296263358118382,2.5912009090011323,8.932535939524174,34.076534604222864,140.08806384410113,4939.191584643419,NGG,50,py,"[10.0, 0.25]",3
1.2170689461245783,3.3999165038639747,9.414672235319102,33.65762487763728,140.86522014053568,4943.26301562325,NGG,100,py,"[10.0, 0.25]",3
15.522714100413133,39.22985028953037,346.525558753404,439.9829383468673,1443.6716825235146,5349.434577624566,NGG,500,py,"[10.0, 0.25]",3
17.975768101329656,45.272627473743306,1576.6798480996652,2769.3043040250072,3168.5758490109893,7786.704676754787,NGG,1000,py,"[10.0, 0.25]",3
256.43591143378626,255.97588677642187,258.861556637792,288.08387397679655,287.88416077111026,874.2861571873898,DP,50,py,"[10.0, 0.75]",3
287.44150434064505,289.7728181098916,319.39311267352826,518.4861829239841,841.079890712952,2613.5192556929333,DP,100,py,"[10.0, 0.75]",3
92.05996965994223,100.45818958945212,140.66185661175132,412.7918453851097,821.9910532075465,3405.324346222692,DP,500,py,"[10.0, 0.75]",3
172.4336578770422,149.8026695970796,227.01507940334142,403.70474164479594,820.3021298326929,2738.853279435919,DP,1000,py,"[10.0, 0.75]",3
0.9997192753859271,2.5192841534795978,8.222106406498288,31.08365877941669,122.2423361643942,1448.2664260914567,NGG,50,py,"[10.0, 0.75]",3
0.9568175500740981,2.476565499914271,8.177460236447763,31.01503354727149,122.12463231522773,1447.769437993025,NGG,100,py,"[10.0, 0.75]",3
23.571293843579063,23.361868629006025,24.010894500367776,24.76777570479407,57.23725538664308,1375.4625745772942,NGG,500,py,"[10.0, 0.75]",3
61.55346253757737,60.13303891351853,77.82397837069996,109.00670916377123,186.52845709736232,1039.2824646845338,NGG,1000,py,"[10.0, 0.75]",3
117.60053860606261,222.30293817624184,296.4072402518397,769.2585251480551,1936.68653022484,6294.751763556702,DP,50,py,"[100.0, 0.25]",3
68.7016374546512,175.4541697448797,262.8911873342958,759.8967781262108,1946.2073734461778,6315.235833227752,DP,100,py,"[100.0, 0.25]",3
92.48053580443543,193.53856240745944,275.37017612139596,709.4881864692396,1865.0711853550406,6149.481033456142,DP,500,py,"[100.0, 0.25]",3
333.5165606121765,256.84531252762304,447.22401504504273,948.6383766988242,2047.8089929351158,5645.036200596854,DP,1000,py,"[100.0, 0.25]",3
0.9982172912801722,2.721973362581823,8.704163180225168,32.69399276286575,135.26908890454098,1041.4301564343518,NGG,50,py,"[100.0, 0.25]",3
0.9989813596023723,2.7230103039200726,8.70637027221512,32.70185968051888,135.2948181327016,1041.4814719166234,NGG,100,py,"[100.0, 0.25]",3
13.67356861234999,24.358846251865266,62.484024792949,146.66464125798592,281.2833804241616,772.3477984574523,NGG,500,py,"[100.0, 0.25]",3
181.5017178895035,137.9306641173186,244.56066901688024,525.9602618969828,1094.4904750627284,2488.7055119622087,NGG,1000,py,"[100.0, 0.25]",3
56.241156325854384,54.94088060442919,49.79030194663883,28.93411460294497,58.41111554117562,633.8795853092041,DP,50,py,"[100.0, 0.75]",3
88.57957734657353,87.29312966063671,84.17393107482026,68.42909758094808,49.38735827439658,520.9191413406865,DP,100,py,"[100.0, 0.75]",3
105.34244380211541,109.33282139151017,122.48623845471133,157.83828292701284,322.0740097770963,533.9084103105363,DP,500,py,"[100.0, 0.75]",3
131.76428982145575,134.68053005723343,141.37658335152517,193.52519958343115,361.4841510873689,627.3156827351706,DP,1000,py,"[100.0, 0.75]",3
0.970501493361725,2.500088249009364,8.217211582392338,31.902510385390176,124.02822372090445,728.164443545996,NGG,50,py,"[100.0, 0.75]",3
0.6580059998321853,2.1867078357982868,7.894052922771305,31.54903769202397,123.55385615466643,727.3567794323778,NGG,100,py,"[100.0, 0.75]",3
26.374832586392067,25.397189939084658,21.887170899354548,15.134656940902874,68.31913889016772,656.7504936025942,NGG,500,py,"[100.0, 0.75]",3
53.11893539742718,53.476650444677894,54.530309725093815,52.56419607188864,65.84259492965325,555.2280588948757,NGG,1000,py,"[100.0, 0.75]",3
34.15851734849991,32.535447424769146,26.700545732908715,12.124106930860947,82.05714245783426,360.76665026522545,DP,50,py,"[1000.0, 0.25]",3
68.17740082441485,67.42137755863264,63.14153732670514,46.87643786642329,42.70749381309661,273.6187134472707,DP,100,py,"[1000.0, 0.25]",3
105.61026684493162,115.05651466484186,122.37134517969046,175.50393417400193,293.51760941574713,404.22763107504215,DP,500,py,"[1000.0, 0.25]",3
141.5375204610949,153.19863124094604,153.32620554979275,232.98461190031972,411.2557166576831,629.2678993881617,DP,1000,py,"[1000.0, 0.25]",3
0.8682696160769225,0.8580668294129192,6.919609693968001,30.668499876976043,120.31075680072865,405.63894177668965,NGG,50,py,"[1000.0, 0.25]",3
0.5938044102743811,2.287064685284555,8.40242616833674,32.22163424897514,122.07667547039605,407.8000271297501,NGG,100,py,"[1000.0, 0.25]",3
31.935248766275645,31.400857720649615,27.032992842098558,22.192293933057925,60.92720512943463,324.36566906424304,NGG,500,py,"[1000.0, 0.25]",3
66.71354617808245,68.02165759191449,67.23640855988302,81.02181178643762,91.93273832499088,174.41851511656444,NGG,1000,py,"[1000.0, 0.25]",3
5.012292461016817,3.4852295909001585,2.6763444534712373,24.494088830776914,109.66038818745369,393.7854460639903,DP,50,py,"[1000.0, 0.75]",3
11.98255035521466,10.482444981305301,5.2689604769411895,17.119528865998824,101.39578765564082,383.15079577954333,DP,100,py,"[1000.0, 0.75]",3
39.958562374888885,38.58449786661412,34.58008739190512,20.938823079590698,54.63511495739553,288.52249404881786,DP,500,py,"[1000.0, 0.75]",3
56.22252020765072,56.270891166135314,54.297466031585756,47.471200693439904,56.20252134751663,183.66423943893557,DP,1000,py,"[1000.0, 0.75]",3
0.3762759829685649,1.9084099705444653,7.56049842417465,29.972181784287702,115.36155437825701,400.0345094380484,NGG,50,py,"[1000.0, 0.75]",3
1.649640883879138,0.6764117639582146,5.50665171958216,27.8497313036298,113.02717257158433,397.1536116867875,NGG,100,py,"[1000.0, 0.75]",3
20.1468758430193,18.69671063547515,13.892936690751831,11.91439294017664,81.94025927584636,349.0723462198947,NGG,500,py,"[1000.0, 0.75]",3
39.32290569544244,39.04492300778852,35.331444439212525,26.897488240690613,51.718090220051174,277.4654637640854,NGG,1000,py,"[1000.0, 0.75]",3
40.281791422953134,51.44375615569384,201.06637246743756,1187.1451299995165,2475.1489310043125,13429.893905260382,DP,50,py,"[10.0, 0.25]",8
40.27747082257832,51.44441963551971,201.00081141214653,1187.1223802833142,2475.148935640302,13429.89393959197,DP,100,py,"[10.0, 0.25]",8
40.25361367121773,51.385450224375084,200.9614749615397,1186.0486301452129,2472.029418297527,13419.379887234765,DP,500,py,"[10.0, 0.25]",8
40.072671132926196,51.16926913111068,200.00104320276094,3487.4640366185886,9561.405618404797,13491.331512399092,DP,1000,py,"[10.0, 0.25]",8
0.9999996642498359,2.666666385376821,8.47999987728894,34.822580577502904,137.19148931403024,3642.469696723448,NGG,50,py,"[10.0, 0.25]",8
0.9735109056105249,2.6133161206596407,8.451048724936696,34.79354382428168,137.12849156495867,3641.955057470307,NGG,100,py,"[10.0, 0.25]",8
19.958295447742167,24.096443012603665,102.24663259663737,562.4883094071429,1280.868593356204,7780.606251581003,NGG,500,py,"[10.0, 0.25]",8
19.84115681829015,24.65084518421016,97.15626280347426,1843.798266133915,5069.46837308481,7339.09910049432,NGG,1000,py,"[10.0, 0.25]",8
388.58515342570087,391.01449112532686,409.95312058978516,459.14192070905716,633.9530179615648,1278.445987679792,DP,50,py,"[10.0, 0.75]",8
325.446885058013,334.32643123056397,400.86186585748607,581.1437663988991,1230.7792595171272,2827.426141966301,DP,100,py,"[10.0, 0.75]",8
88.15243520841145,97.60523678550399,159.42109550499598,342.86881231358603,1004.1769680108063,2509.440875445815,DP,500,py,"[10.0, 0.75]",8
165.31999460531506,164.50315311673998,235.8431830070823,348.81573741146735,877.2103219170656,2194.1193840706196,DP,1000,py,"[10.0, 0.75]",8
0.9999988005984755,2.561160497910535,8.100590503195303,31.280574287408083,127.03314797954778,1550.9351842965905,NGG,50,py,"[10.0, 0.75]",8
0.9959816398087512,2.5570859584163568,8.096318354027122,31.27569339932368,127.02601074395628,1550.9120835594865,NGG,100,py,"[10.0, 0.75]",8
25.18308763690627,24.891821623344807,25.45648915918455,27.621045488357325,60.93536503135306,1459.3452630698093,NGG,500,py,"[10.0, 0.75]",8
61.92622940649279,63.658771495840156,80.49697959133185,131.9794491584102,280.24438112751847,1224.2666458899616,NGG,1000,py,"[10.0, 0.75]",8
99.261063923561,131.11864590914763,275.34255892091284,690.8359241113401,2633.499742042198,6085.965885978257,DP,50,py,"[100.0, 0.25]",8
64.96577074093304,96.71266723628634,244.47529388577124,681.1961299070007,2646.117713161914,6121.020025779293,DP,100,py,"[100.0, 0.25]",8
60.93490391437236,92.60295248093252,238.19502909917705,666.9810961651993,2578.6026064067087,6015.914221547046,DP,500,py,"[100.0, 0.25]",8
353.8582635549198,340.35580144386813,325.38092020985636,751.0492138005327,2441.528599312199,5365.1959189027475,DP,1000,py,"[100.0, 0.25]",8
0.9999600050017053,2.748867050079536,8.71159318995766,34.584899586461184,132.88025642668745,1086.7103868072156,NGG,50,py,"[100.0, 0.25]",8
0.9897025165740883,2.736433391252429,8.696130706025773,34.558779171744774,132.81492231162008,1086.603367779162,NGG,100,py,"[100.0, 0.25]",8
11.914969595568788,21.93302481170746,75.33020487274278,184.6352756338848,526.5800927889461,901.5504660881501,NGG,500,py,"[100.0, 0.25]",8
186.61758281493925,182.77199597240983,185.95793010773443,417.1478369565764,1293.3468141026863,2377.9294778462695,NGG,1000,py,"[100.0, 0.25]",8
62.94237195594981,61.594273074136034,56.49133806316285,36.413841676814855,47.288595123319155,669.3675148903968,DP,50,py,"[100.0, 0.75]",8
96.31255360445185,95.5229357929678,92.33404623204892,79.12523543582819,49.419710512945514,547.1567511657742,DP,100,py,"[100.0, 0.75]",8
104.16137037112786,109.46433236317472,118.01909202600456,153.90490878622,276.7235123274009,552.2912736757411,DP,500,py,"[100.0, 0.75]",8
129.14958135709114,135.4120865357092,141.8392086232878,213.84510728509838,428.6096342580615,724.8933039911922,DP,1000,py,"[100.0, 0.75]",8
0.4401238412769453,1.9697104920941457,7.687263120796527,30.332559741657484,116.99798083481389,776.2363565602399,NGG,50,py,"[100.0, 0.75]",8
2.337310409582272,1.050565271319268,4.8266436646631155,27.239851472050155,113.31755807234364,771.4971974708988,NGG,100,py,"[100.0, 0.75]",8
21.270442635658576,20.506155427213777,16.432083124075906,15.7505503995002,68.92753348977217,702.6527944850983,NGG,500,py,"[100.0, 0.75]",8
38.741905132008185,38.702753483167214,37.09552421112438,36.18015126613776,54.47070479368601,648.6747761344461,NGG,1000,py,"[100.0, 0.75]",8
34.63676250627378,33.102270732301946,27.215483244128645,12.258036928189693,83.73252985358731,381.91393008252084,DP,50,py,"[1000.0, 0.25]",8
71.0867483230598,69.42392536854,65.4912907973429,49.11722729022333,43.30776341047073,287.02527990282965,DP,100,py,"[1000.0, 0.25]",8
106.6639121389616,110.86118756840612,130.043629886237,169.65226530670566,292.78194555888143,412.0976911238539,DP,500,py,"[1000.0, 0.25]",8
142.2136295664734,147.68138326275337,165.80125912734698,233.7451196579554,394.5879372346132,619.1591189770123,DP,1000,py,"[1000.0, 0.25]",8
0.9804054319116613,2.690989970195178,8.981177551894609,32.680018563071236,124.91281057359548,431.0220437238427,NGG,50,py,"[1000.0, 0.25]",8
0.13618690708955672,1.8099093745488906,8.079307256560183,31.7133034583289,123.76183737718154,429.5106742695758,NGG,100,py,"[1000.0, 0.25]",8
30.450795574911496,30.0154731335882,27.19598006933917,19.995963895259788,65.20191323311624,359.9038695251057,NGG,500,py,"[1000.0, 0.25]",8
69.60183302560529,70.34947428034788,71.93785162449775,87.79362412521937,107.93541037049957,155.94558381586862,NGG,1000,py,"[1000.0, 0.25]",8
3.8256229248920364,2.2898533891692714,3.372932613237831,25.877474611527788,111.14853208933053,327.41230877478824,DP,50,py,"[1000.0, 0.75]",8
9.029610402556898,7.497407300050371,3.2960470978567997,20.416831985571122,105.04313882217043,320.10995620526893,DP,100,py,"[1000.0, 0.75]",8
34.58561454262158,33.41455720574066,29.150690677284135,15.967812491982414,61.55621358513074,247.85333604903383,DP,500,py,"[1000.0, 0.75]",8
47.89556467129946,47.07669197954881,43.487924511726476,33.311128136449206,48.07764134995564,180.35075093496496,DP,1000,py,"[1000.0, 0.75]",8
1.4480971204370294,0.6296257972297685,5.749484970906921,28.296922408603884,113.67549635421923,330.0867067640833,NGG,50,py,"[1000.0, 0.75]",8
1.7389614137523115,0.6938712359304243,5.438244910372123,27.95016625358006,113.18254512537561,329.2848996712818,NGG,100,py,"[1000.0, 0.75]",8
19.36225373782118,18.033449154313402,13.16447653821485,11.61355156839463,84.2858574945773,286.23534378267385,NGG,500,py,"[1000.0, 0.75]",8
39.40104148325556,38.48922391464004,34.416811951933475,24.33700907678532,51.02338033121583,216.58518026391582,NGG,1000,py,"[1000.0, 0.75]",8
